1,patricia35@example.com,2os4OAys8*,988828596,2/24/2024 22:53,2/24/2024 22:53
2,obailey@example.net,_0tlfW$g(X,582341939,10/31/2023 7:32,10/31/2023 7:32
3,steve33@example.net,3i5JGv$u#e,933223108,12/15/2023 19:39,12/15/2023 19:39
4,ulopez@example.net,&z8v7GUpWa,955393817,1/22/2024 19:10,1/22/2024 19:10
5,michael27@example.org,_r2SHlAZoy,933223109,2/15/2024 5:34,2/15/2024 5:34
6,richardgomez@example.com,_n0&$QDwae,988828543,8/11/2023 6:13,8/11/2023 6:13
7,amber91@example.org,hj*^8Pb#Pu,902848058,4/11/2024 14:28,4/11/2024 14:28
8,susanvaughn@example.org,klWc(V5G)3,943358539,5/24/2024 0:38,5/24/2024 0:38
9,hgonzalez@example.com,^DC7CDr%KG,979934497,12/8/2023 14:03,12/8/2023 14:03
10,kimberly43@example.net,@2lZX(wiC3,945256122,9/15/2023 5:36,9/15/2023 5:36
11,michaelfranklin@example.net,H6_XcxOd+S,950935363,9/18/2023 19:13,9/18/2023 19:13
12,stephanie33@example.net,2TujHne)*l,982943250,3/15/2024 19:11,3/15/2024 19:11
13,pamela65@example.com,IL33MMeQM#,937250214,10/15/2023 2:22,10/15/2023 2:22
14,rhoover@example.org,qL7FgjQk$i,964675370,10/12/2023 5:44,10/12/2023 5:44
15,yellis@example.com,h+i6AOitxv,952676641,1/1/2024 21:48,1/1/2024 21:48
16,garymaldonado@example.org,U4bDtw#t%2,958216850,2/25/2024 19:21,2/25/2024 19:21
17,madison29@example.net,5ljUj^i+)^,925923812,3/8/2024 2:13,3/8/2024 2:13
18,ubrown@example.net,5GBYxaus*l,963521526,6/3/2024 4:32,6/3/2024 4:32
19,oglass@example.org,#D251NpsZ@,960661972,6/4/2024 5:28,6/4/2024 5:28
20,hahnjessica@example.net,+1uX$3pMe5,979073512,10/9/2023 7:05,10/9/2023 7:05
21,smithjames@example.org,!sw@2MTjws,993450982,12/27/2023 16:09,12/27/2023 16:09
22,holsen@example.net,&$k!5V_vo2,921051096,7/1/2024 8:32,7/1/2024 8:32
23,christinemills@example.net,19Pfdw86_J,930473183,6/28/2024 17:26,6/28/2024 17:26
24,jeffrey56@example.org,TPt(9CXnK&,954804583,2/16/2024 20:09,2/16/2024 20:09
25,bryan28@example.org,Z$1hcF%x*B,903200205,2/24/2024 18:18,2/24/2024 18:18
26,jacksonamanda@example.net,bXQ2iW2c&8,934370186,3/18/2024 13:00,3/18/2024 13:00
27,scottdominique@example.net,B+85Wq#hSc,938970809,5/12/2024 1:55,5/12/2024 1:55
28,smithanthony@example.net,HA49vNpa2$,973349242,9/12/2023 5:33,9/12/2023 5:33
29,brownteresa@example.net,CRQ1(i$au+,935198245,9/21/2023 13:27,9/21/2023 13:27
30,bryce99@example.com,_nHSUKTLq3,915807417,11/11/2023 23:16,11/11/2023 23:16
31,chasedana@example.com,PF6VyqOf^J,995482964,8/14/2023 3:42,8/14/2023 3:42
32,brittney48@example.org,T!sL3U_dw&,987209221,3/30/2024 22:38,3/30/2024 22:38
33,mwallace@example.org,J4xKILqF!t,992911631,8/20/2023 19:30,8/20/2023 19:30
34,monica70@example.net,Px_H6uXjaa,930909983,3/5/2024 2:55,3/5/2024 2:55
35,weissmarvin@example.com,!6R25JIc(l,921916909,8/9/2023 19:56,8/9/2023 19:56
36,wshannon@example.net,pt4NBsKy$x,992989954,3/9/2024 2:19,3/9/2024 2:19
37,banderson@example.com,Pt9pAk_(&z,992235370,4/21/2024 3:14,4/21/2024 3:14
38,torresmatthew@example.com,I6q2IHpq*F,966793506,12/26/2023 15:05,12/26/2023 15:05
39,sjones@example.com,ajhhP4Tb%j,923348637,12/19/2023 19:11,12/19/2023 19:11
40,lindsayberry@example.org,*vy^6J2wec,991257860,3/10/2024 17:41,3/10/2024 17:41
41,garyclark@example.com,&1GkYuc6!L,935318730,4/2/2024 1:28,4/2/2024 1:28
42,martinelizabeth@example.org,(yE_mLJ&94,928845621,11/19/2023 10:33,11/19/2023 10:33
43,fsherman@example.org,)6N%PTomD3,978210318,3/18/2024 17:55,3/18/2024 17:55
44,nnorman@example.com,wJ5I2Erq!w,926931028,8/16/2023 3:14,8/16/2023 3:14
45,nmason@example.org,Fu&^3Wfq8y,917638930,7/7/2024 1:07,7/7/2024 1:07
46,mckenzieamber@example.org,%w4KhRNo*3,934700117,8/1/2023 21:22,8/1/2023 21:22
47,jamesbaker@example.net,(4+KJp0bTC,911589456,11/2/2023 21:13,11/2/2023 21:13
48,mmelendez@example.com,lI1Lpoo_*6,975801657,11/16/2023 5:01,11/16/2023 5:01
49,nathan48@example.org,k3M@KrLQ_H,941037428,10/26/2023 15:55,10/26/2023 15:55
50,michaelbell@example.com,Fjx3WrXlR!,955660569,8/8/2023 1:45,8/8/2023 1:45
51,phanson@example.org,Ldb0DcIz)y,925464409,12/9/2023 19:07,12/9/2023 19:07
52,annegardner@example.net,CY6T^Tv6+E,972621020,7/6/2024 4:58,7/6/2024 4:58
53,boothchristopher@example.net,h#6GDWmjk1,914370067,9/21/2023 19:26,9/21/2023 19:26
54,cynthiarobinson@example.org,ANCY2GGmk^,929558185,12/12/2023 13:57,12/12/2023 13:57
55,travisrodney@example.org,tKM+58EayU,900702842,7/1/2024 0:26,7/1/2024 0:26
56,sandersjill@example.org,BDPC8Yze$c,921595516,10/23/2023 17:41,10/23/2023 17:41
57,russellbright@example.com,i5TLPExI)b,983054731,10/20/2023 15:03,10/20/2023 15:03
58,atkinsonrhonda@example.net,(2rPl^_4@4,974497917,2/28/2024 0:19,2/28/2024 0:19
59,corey10@example.net,(@9@$T4i4G,930270163,5/10/2024 3:58,5/10/2024 3:58
60,oscarjackson@example.net,0(3sWe#o@D,906749650,2/20/2024 2:37,2/20/2024 2:37
61,zrichardson@example.org,#NAME?,982728074,5/14/2024 13:22,5/14/2024 13:22
62,richardsamber@example.com,hm9SRdtWW#,980483690,7/31/2023 16:10,7/31/2023 16:10
63,paynenathan@example.net,+6o6&tUa$4,905096510,5/24/2024 18:06,5/24/2024 18:06
64,michael99@example.org,%d3DvPeWMX,926862168,12/14/2023 21:46,12/14/2023 21:46
65,catherinefitzpatrick@example.com,k2OB&7Jw@$,997848868,8/3/2023 10:21,8/3/2023 10:21
66,alexis22@example.net,$jYJR0!lV4,900826101,10/28/2023 2:30,10/28/2023 2:30
67,lindseylaura@example.net,B3sM&@nh%),939568583,3/2/2024 18:56,3/2/2024 18:56
68,zsmith@example.org,*$DqJfa)u0,997855929,6/6/2024 5:42,6/6/2024 5:42
69,arobinson@example.org,vQ@3PJWnAG,911317895,2/3/2024 9:49,2/3/2024 9:49
70,zspears@example.net,p3WXimF7)x,922129071,10/5/2023 15:57,10/5/2023 15:57
71,aliciaortiz@example.org,)h!11D#tYj,994107583,3/16/2024 10:49,3/16/2024 10:49
72,tonya61@example.com,v$0VenR3My,978035680,3/6/2024 15:39,3/6/2024 15:39
73,rogerstimothy@example.net,(#LUaTz0k5,901188224,8/22/2023 15:00,8/22/2023 15:00
74,andersonmary@example.org,&9SuLV*ghY,953556332,9/18/2023 2:11,9/18/2023 2:11
75,amandamorrison@example.com,&sD@mQdiM2,978908681,7/12/2024 10:15,7/12/2024 10:15
76,heather15@example.com,n&aS5LB*Ku,914398681,1/13/2024 16:07,1/13/2024 16:07
77,david06@example.org,@b8Kr89jja,944985054,6/22/2024 22:53,6/22/2024 22:53
78,reidryan@example.net,p^8qBHkLBM,960177827,3/5/2024 19:11,3/5/2024 19:11
79,dustin34@example.net,B8j&UpGe&s,967708329,1/23/2024 23:23,1/23/2024 23:23
80,georgemercer@example.org,&UL8nX1qnP,995747923,12/12/2023 4:30,12/12/2023 4:30
81,jterry@example.net,$5&w9Z!xWj,959309617,4/22/2024 8:00,4/22/2024 8:00
82,michael81@example.org,Lf#6SJyB&X,975148085,12/25/2023 5:59,12/25/2023 5:59
83,allisonandrea@example.net,t(9+MGp3Eo,903584884,3/17/2024 3:50,3/17/2024 3:50
84,njones@example.net,^e8OwaHm&m,950496053,3/29/2024 3:52,3/29/2024 3:52
85,danielphillips@example.org,%WfNk4VhD0,944591324,3/16/2024 11:42,3/16/2024 11:42
86,romerobryan@example.net,1s_+0dXo_8,984208081,12/5/2023 18:04,12/5/2023 18:04
87,michael27@example.com,$6Ctv^j7Rs,915253174,1/26/2024 18:56,1/26/2024 18:56
88,jimmy02@example.com,@N8JXSoR%H,962980830,4/2/2024 8:13,4/2/2024 8:13
89,smithjulian@example.org,)5Tcm&mJ_3,902115584,9/7/2023 21:33,9/7/2023 21:33
90,jharrington@example.com,AeB+c_nB@1,933172914,10/5/2023 11:05,10/5/2023 11:05
91,swansonalexander@example.net,@y8H$AvPN(,901722789,12/5/2023 16:54,12/5/2023 16:54
92,tami34@example.org,feDs6JIi$d,918080106,1/24/2024 18:18,1/24/2024 18:18
93,diazmelvin@example.org,0%3TDLGqee,933044099,11/2/2023 12:40,11/2/2023 12:40
94,donald97@example.com,(S6n0Ivr&G,919318064,7/6/2024 4:08,7/6/2024 4:08
95,timothy27@example.net,Ii0KJkr$M+,940964779,3/4/2024 1:57,3/4/2024 1:57
96,dennis02@example.net,(@6(AblhU3,909557052,3/19/2024 18:50,3/19/2024 18:50
97,christopherolson@example.net,2$90MDEd0_,961508906,11/15/2023 14:40,11/15/2023 14:40
98,michaelnicholson@example.org,&jJ1uFX!36,906135364,4/20/2024 10:44,4/20/2024 10:44
99,jessica84@example.net,QTpDKmJR#0,982186008,2/24/2024 5:23,2/24/2024 5:23
100,dawnroberts@example.net,r3HwYRq3(J,996193964,5/26/2024 12:14,5/26/2024 12:14
101,smithnoah@example.org,)OW(^$uN^0,945351034,1/6/2024 14:36,1/6/2024 14:36
102,jennifertran@example.com,#D9f41(ed),955017641,9/26/2023 7:13,9/26/2023 7:13
103,mercedesadams@example.com,d(0tJTvy^T,906922551,4/27/2024 3:50,4/27/2024 3:50
104,howardjennifer@example.org,$mHs3PkCAe,908644234,5/8/2024 1:24,5/8/2024 1:24
105,annwilliams@example.net,%gEaKwG!9*,974087528,9/15/2023 3:15,9/15/2023 3:15
106,robert49@example.net,B6EQ6p#C#y,991670730,4/8/2024 11:39,4/8/2024 11:39
107,jeffersonjill@example.net,ER8ICJjW5*,986677801,9/16/2023 19:18,9/16/2023 19:18
108,natalie94@example.com,bxnw2DCy$P,986159902,2/27/2024 21:37,2/27/2024 21:37
109,jsmith@example.org,l%5(1JGO)v,958170953,2/4/2024 8:53,2/4/2024 8:53
110,seanjackson@example.org,s7$vIZoG(R,982148870,11/13/2023 17:11,11/13/2023 17:11
111,umendoza@example.org,m7PV&$ym(y,978667971,10/20/2023 22:39,10/20/2023 22:39
112,kayala@example.org,U%2^2TLnBA,901963833,9/12/2023 14:06,9/12/2023 14:06
113,dominguezanna@example.org,C!9oXMFutc,986041758,1/7/2024 14:47,1/7/2024 14:47
114,luis09@example.com,$+67PNiwQM,964768155,2/4/2024 7:39,2/4/2024 7:39
115,jessicasexton@example.org,t+5YB!jrdT,997756644,5/26/2024 5:36,5/26/2024 5:36
116,boltonrachel@example.com,T+UnaPf6WE,962351806,3/11/2024 19:08,3/11/2024 19:08
117,edwardcarlson@example.com,@9+1Z*xLPM,966877554,8/18/2023 19:35,8/18/2023 19:35
118,sanderson@example.net,y0p)oLFo+2,935145594,4/27/2024 2:59,4/27/2024 2:59
119,reyeslisa@example.net,@7KYzqMASI,918838584,9/24/2023 16:21,9/24/2023 16:21
120,scottanna@example.org,1C8C9)mb_!,978276244,10/15/2023 21:18,10/15/2023 21:18
121,martinezbrenda@example.com,#NAME?,967456935,9/14/2023 2:45,9/14/2023 2:45
122,steventhomas@example.com,DF&51OzeD&,976670238,3/4/2024 19:27,3/4/2024 19:27
123,sullivanronnie@example.com,*1LXEItHf4,902790238,12/13/2023 20:28,12/13/2023 20:28
124,rclay@example.com,^nL2K&#A0p,936706745,1/29/2024 20:58,1/29/2024 20:58
125,vasquezkimberly@example.org,@p$#4Ykj1),984238843,4/2/2024 13:00,4/2/2024 13:00
126,lisa85@example.com,(w2QUgDsNl,955886567,9/8/2023 13:29,9/8/2023 13:29
127,blairdebra@example.org,(1CHWot6%8,903135630,6/23/2024 5:29,6/23/2024 5:29
128,tdavis@example.net,)UhfgcPzi8,960791990,7/13/2024 9:51,7/13/2024 9:51
129,acase@example.com,@3c^HpcxVl,991781082,2/15/2024 21:17,2/15/2024 21:17
130,wferrell@example.com,_7+KW2s)Tq,981569431,11/11/2023 9:38,11/11/2023 9:38
131,anthonytate@example.net,jY*2bGIpqG,918645397,4/11/2024 19:44,4/11/2024 19:44
132,cassandraford@example.org,m+4a+Pzz)6,956871035,10/1/2023 17:14,10/1/2023 17:14
133,roblesscott@example.com,llo6PbErj+,984272776,8/16/2023 3:38,8/16/2023 3:38
134,dawncochran@example.net,E#$8NMnzSv,947935603,8/15/2023 5:59,8/15/2023 5:59
135,timothycastro@example.com,^d88ijQr+E,973422248,3/31/2024 17:56,3/31/2024 17:56
136,ljohnson@example.org,#$EHXR4lM8,933080267,11/21/2023 21:53,11/21/2023 21:53
137,morganalexis@example.net,63e0UYTb3$,940642715,6/2/2024 3:46,6/2/2024 3:46
138,dmoon@example.org,NLR)#hqL)5,987291645,11/3/2023 17:15,11/3/2023 17:15
139,jessica44@example.net,C3)U3h5O_G,944221261,3/13/2024 2:28,3/13/2024 2:28
140,keithjones@example.com,(SMi%Zhn%1,980898008,3/10/2024 16:51,3/10/2024 16:51
141,meyernoah@example.org,g7LDdcFU$),979691331,2/11/2024 16:09,2/11/2024 16:09
142,ekelly@example.com,!(0iFzN6m2,980028304,1/3/2024 20:02,1/3/2024 20:02
143,adam28@example.com,*9vJ(by3^_,996946997,7/25/2023 6:06,7/25/2023 6:06
144,yhernandez@example.org,S7AQii$m#1,950570768,7/14/2024 4:37,7/14/2024 4:37
145,longgloria@example.org,)9dKm%avi+,944399546,11/18/2023 10:38,11/18/2023 10:38
146,carlycannon@example.com,+1FXQqLAxw,982466746,11/6/2023 10:55,11/6/2023 10:55
147,ibates@example.org,xr28B&7v%a,985288753,9/22/2023 5:25,9/22/2023 5:25
148,vmccoy@example.net,&KbN4IeY3C,967423662,9/5/2023 15:55,9/5/2023 15:55
149,timothy65@example.org,@jE(TQIXr1,937203088,3/21/2024 18:52,3/21/2024 18:52
150,amber61@example.com,))1LKw2hoU,905292259,10/15/2023 12:46,10/15/2023 12:46
151,cmitchell@example.org,)muVs2IbT4,936265739,5/10/2024 10:10,5/10/2024 10:10
152,lindacross@example.com,5TThwgPJ$A,922571669,6/20/2024 17:02,6/20/2024 17:02
153,xbrown@example.org,M#_0CmzxF7,983987075,11/2/2023 13:18,11/2/2023 13:18
154,stacy34@example.org,sF+Ns9n6#6,937271094,1/1/2024 10:14,1/1/2024 10:14
155,andreajones@example.net,#NAME?,969724289,6/10/2024 2:05,6/10/2024 2:05
156,carlos29@example.com,$nIO4Ujr%1,907158756,7/13/2024 11:28,7/13/2024 11:28
157,vhunter@example.com,*x2lKRSsc3,950105242,12/3/2023 2:38,12/3/2023 2:38
158,omoore@example.org,(4G340Tn8m,958087613,4/19/2024 18:51,4/19/2024 18:51
159,brookspeter@example.org,)39IG$m@c0,916133040,5/27/2024 5:04,5/27/2024 5:04
160,jamesbennett@example.org,)8COuXu#@h,982060493,2/12/2024 19:53,2/12/2024 19:53
161,wilkinsonchristopher@example.org,$d!#3FixK&,938968157,4/26/2024 20:28,4/26/2024 20:28
162,jenniferwelch@example.net,!$f6XX7z_G,954873779,1/18/2024 21:06,1/18/2024 21:06
163,marcus19@example.org,!xTmAtN834,928166902,5/14/2024 2:36,5/14/2024 2:36
164,robert64@example.org,Gau9DZ@)B!,983965723,6/9/2024 2:32,6/9/2024 2:32
165,daniel32@example.org,@GGSCyo!9U,907436130,10/25/2023 8:47,10/25/2023 8:47
166,tatecaitlin@example.net,_5Q*rc$6$C,900127576,10/31/2023 11:19,10/31/2023 11:19
167,craigwilliams@example.net,)aLcpy$pN3,957956598,12/12/2023 19:58,12/12/2023 19:58
168,johnhebert@example.org,EF#Azgne@9,924141307,8/14/2023 9:26,8/14/2023 9:26
169,xburke@example.org,Dv50(Lu+A#,964406133,4/29/2024 4:32,4/29/2024 4:32
170,natalierogers@example.com,Y7hj+_Pk$9,986528234,11/12/2023 23:21,11/12/2023 23:21
171,michael16@example.net,(F$c2Me1cK,971818748,7/17/2024 17:02,7/17/2024 17:02
172,yshah@example.com,*PZMu_kW*9,954943710,3/30/2024 16:31,3/30/2024 16:31
173,ejohnson@example.org,5+9WxoH)Wy,926876043,3/11/2024 13:53,3/11/2024 13:53
174,smithscott@example.net,HdH1ShT%x_,910169527,6/9/2024 23:37,6/9/2024 23:37
175,charlesramirez@example.com,zhG4(I)G!_,918799087,3/6/2024 0:09,3/6/2024 0:09
176,dhernandez@example.net,bW3Ip_91A+,946345351,11/3/2023 5:34,11/3/2023 5:34
177,nhanna@example.com,@7QAiBo4s%,958199410,11/3/2023 5:41,11/3/2023 5:41
178,samanthagonzalez@example.net,85cXJkd0)n,918479355,12/18/2023 13:05,12/18/2023 13:05
179,greenemadison@example.net,k+0H0k*%O7,904581486,11/21/2023 2:46,11/21/2023 2:46
180,christopher93@example.com,jqMKHzKz$3,985352007,6/20/2024 10:36,6/20/2024 10:36
181,debra45@example.com,4#va4oMjbx,921178558,10/30/2023 18:32,10/30/2023 18:32
182,mwright@example.org,!4D5iEbq#4,908269632,1/18/2024 5:37,1/18/2024 5:37
183,moniquejefferson@example.com,&GR1TtVrX&,959778801,3/11/2024 9:25,3/11/2024 9:25
184,travis25@example.org,^9O_R%eeGe,910376135,6/27/2024 2:01,6/27/2024 2:01
185,robert10@example.net,eD3C_@cyt),947644675,5/14/2024 11:44,5/14/2024 11:44
186,james46@example.com,%i2t)Y7zQ3,986668031,7/29/2023 9:29,7/29/2023 9:29
187,johnsonmegan@example.net,$5LWTIenN4,943975684,7/29/2023 9:21,7/29/2023 9:21
188,timothy61@example.net,QJFglg9e!4,962831556,8/30/2023 1:55,8/30/2023 1:55
189,brianna23@example.net,a0ttIx(q+w,909464943,6/15/2024 7:14,6/15/2024 7:14
190,jennifer05@example.net,9H7A8xZX!S,995428841,2/15/2024 13:43,2/15/2024 13:43
191,williamnash@example.com,!3P&o#+j_f,971599330,9/15/2023 7:25,9/15/2023 7:25
192,kathy79@example.net,@Qd0OTpSSM,907042512,6/8/2024 14:12,6/8/2024 14:12
193,jacksonthomas@example.org,*iSe6AgSH(,951414984,4/25/2024 18:37,4/25/2024 18:37
194,timothy85@example.org,8@E!v8colX,973385793,8/10/2023 17:49,8/10/2023 17:49
195,michelle13@example.org,(VC9Dxea&^,935570041,12/27/2023 17:30,12/27/2023 17:30
196,katelynwells@example.com,@8we(ION#h,950354925,7/20/2024 19:33,7/20/2024 19:33
197,cmoreno@example.com,W&3fDkreh2,957693499,9/8/2023 22:26,9/8/2023 22:26
198,nhebert@example.com,Dw0M2avn$0,924111025,10/5/2023 2:14,10/5/2023 2:14
199,deborahdavis@example.org,S)1g4$Kfnm,942226211,9/2/2023 11:21,9/2/2023 11:21
200,tarafrank@example.com,Ff0kJb3W)9,903486216,1/9/2024 9:23,1/9/2024 9:23
201,evan12@example.com,WODl4GfGh_,917258386,5/29/2024 13:24,5/29/2024 13:24
202,harringtonjerry@example.net,gOP4MX_kf_,956760479,2/17/2024 14:33,2/17/2024 14:33
203,jacquelinekirby@example.org,Po7AVzFb*3,930242385,5/15/2024 15:59,5/15/2024 15:59
204,wallen@example.org,9(d84FCyf8,960019618,6/14/2024 18:32,6/14/2024 18:32
205,christina97@example.net,lv5*U&VoY!,941689156,4/2/2024 7:12,4/2/2024 7:12
206,phillipsevan@example.net,B+0LfrfR*c,981682751,2/24/2024 1:33,2/24/2024 1:33
207,snyderlydia@example.net,sc80kXxxX&,943067536,6/24/2024 15:19,6/24/2024 15:19
208,ryansmith@example.net,s!8LZtai*%,904046227,7/23/2023 6:09,7/23/2023 6:09
209,hayley98@example.net,*3QOBu^zG*,931021713,1/20/2024 16:15,1/20/2024 16:15
210,john80@example.com,vk+MW*Rg$5,971534893,5/19/2024 4:38,5/19/2024 4:38
211,heatherlee@example.com,_$#gKSEo(3,993429446,1/28/2024 22:14,1/28/2024 22:14
212,chelsea82@example.com,00gOhsG3+J,940764552,10/3/2023 6:34,10/3/2023 6:34
213,frederickstevenson@example.com,V#!5rKkw3^,965535980,3/15/2024 18:34,3/15/2024 18:34
214,sarahgray@example.net,2!0B2jcP^#,926869053,4/4/2024 9:27,4/4/2024 9:27
215,rebecca02@example.org,h@9kG4IaPJ,905340474,8/12/2023 23:16,8/12/2023 23:16
216,nicolejohnson@example.com,^q4MkoH4!e,956688081,12/23/2023 20:12,12/23/2023 20:12
217,martinezmelissa@example.net,Q_39TkYsr_,952077347,3/24/2024 22:12,3/24/2024 22:12
218,kwalters@example.org,)Ya8PYzc5K,979815362,1/30/2024 6:33,1/30/2024 6:33
219,mramirez@example.com,%^z6KuGb4Z,989523447,1/22/2024 6:25,1/22/2024 6:25
220,robert94@example.net,%+H5HQ5(ip,931273473,11/13/2023 12:59,11/13/2023 12:59
221,samantha26@example.org,ow8EkUi+_h,952489292,7/4/2024 9:26,7/4/2024 9:26
222,michael47@example.org,*_QZ1cSiJc,905648383,7/30/2023 10:52,7/30/2023 10:52
223,paul80@example.net,v*9D9PSfjX,936473785,12/12/2023 23:34,12/12/2023 23:34
224,mark87@example.org,%him4T_t(U,954633579,10/19/2023 3:53,10/19/2023 3:53
225,qlopez@example.org,a$9ABjuz5),961544320,11/3/2023 14:35,11/3/2023 14:35
226,smithnicholas@example.org,)GP^QmDG%5,964576457,8/30/2023 18:07,8/30/2023 18:07
227,james47@example.com,AY3JGctBy(,933245760,5/3/2024 3:46,5/3/2024 3:46
228,garymartinez@example.org,X9vPoKt$*W,909606763,10/23/2023 21:06,10/23/2023 21:06
229,jesuscalhoun@example.net,tz4PemUkJ*,942955963,11/30/2023 21:36,11/30/2023 21:36
230,jennifer42@example.com,pR@O1Hcx_1,948727700,1/23/2024 10:55,1/23/2024 10:55
231,gibsonpeter@example.net,+qz4GGcGz#,934976378,1/4/2024 9:57,1/4/2024 9:57
232,antonio82@example.net,)d7Ph$6f#1,978924771,7/17/2024 8:50,7/17/2024 8:50
233,jeannewilson@example.org,&7@Adzy+^h,977411814,1/25/2024 17:27,1/25/2024 17:27
234,kellynunez@example.org,@m8rXSQXC5,960477884,12/21/2023 2:00,12/21/2023 2:00
235,ylarson@example.net,xv!4MiK(V+,963167449,10/21/2023 16:22,10/21/2023 16:22
236,jared55@example.net,R2_+MV1o#p,926309656,7/10/2024 3:12,7/10/2024 3:12
237,michael73@example.net,*K@2P!m#u%,964361242,2/29/2024 17:36,2/29/2024 17:36
238,jessicacarter@example.net,X)4UO#Csj(,979107812,8/15/2023 21:18,8/15/2023 21:18
239,wrightlindsey@example.net,G5bZXq+r(N,987959558,9/27/2023 10:19,9/27/2023 10:19
240,arnoldmindy@example.org,@95VOC5d)5,958275223,11/2/2023 13:50,11/2/2023 13:50
241,pcastro@example.com,F5C0Fdqq$^,921046052,6/25/2024 11:04,6/25/2024 11:04
242,yyang@example.net,%U48O9paNX,925952955,8/18/2023 6:14,8/18/2023 6:14
243,xsingh@example.org,F53NPqnq%u,936894647,4/27/2024 23:36,4/27/2024 23:36
244,tiffany46@example.net,qw#Ym4Kk&V,920136362,10/23/2023 2:12,10/23/2023 2:12
245,garrettchristopher@example.org,G$p9ZBQz_h,925087491,1/10/2024 12:06,1/10/2024 12:06
246,jimmacias@example.com,P+a3!$Oh#7,918211112,2/27/2024 18:42,2/27/2024 18:42
247,barnettalice@example.org,_$XZY3Tj20,997519581,5/29/2024 6:53,5/29/2024 6:53
248,rberger@example.net,_cwYyyIw48,985519967,12/21/2023 14:18,12/21/2023 14:18
249,fletcherdanielle@example.org,Pk@8FDeBBE,932303703,10/16/2023 10:05,10/16/2023 10:05
250,tyler45@example.org,82SU5z2H%9,984784409,10/12/2023 19:46,10/12/2023 19:46
251,stephensonscott@example.org,gw6u2*JA#_,921092546,6/26/2024 6:40,6/26/2024 6:40
252,ann60@example.net,V^rzs2GfrP,992174852,12/12/2023 10:08,12/12/2023 10:08
253,qgraham@example.org,%_aZYxbaX3,954170740,1/9/2024 5:03,1/9/2024 5:03
254,donald40@example.org,(YJ)0Z(gX1,934287064,8/16/2023 15:27,8/16/2023 15:27
255,juanjennings@example.net,a(Na(LH4df,972323620,1/5/2024 4:59,1/5/2024 4:59
256,cruzwesley@example.net,208AIbnw$d,924592440,9/14/2023 21:27,9/14/2023 21:27
257,shawjohn@example.org,#NAME?,973033106,4/28/2024 11:09,4/28/2024 11:09
258,joseschaefer@example.org,Wh(1B%ux8h,941351641,8/16/2023 2:40,8/16/2023 2:40
259,uhernandez@example.org,#4Fpmzd3A3,929384575,10/29/2023 11:33,10/29/2023 11:33
260,william10@example.org,&oT6PvMjB%,938888977,12/17/2023 7:20,12/17/2023 7:20
261,ruthdaniels@example.net,2Za3wJzW_$,939077377,1/21/2024 6:56,1/21/2024 6:56
262,christopher73@example.net,2S0Z8I)l(Q,987629257,11/5/2023 1:05,11/5/2023 1:05
263,gerald49@example.org,&1ftK(Lr$t,999864432,6/13/2024 19:01,6/13/2024 19:01
264,michelle88@example.com,#$Am&w#d_7,909796938,12/8/2023 17:34,12/8/2023 17:34
265,jacksonjesus@example.com,+z2BG$qso_,935547799,9/13/2023 8:28,9/13/2023 8:28
266,john92@example.net,G3iN9^Ax+(,903344869,7/16/2024 1:00,7/16/2024 1:00
267,sarah56@example.net,$62ZGsOj5_,996425081,12/28/2023 6:30,12/28/2023 6:30
268,davidrodriguez@example.org,$@4T6MnmN),971169934,3/8/2024 5:35,3/8/2024 5:35
269,rachel90@example.org,3N&4Qe6dQQ,965971250,12/26/2023 10:17,12/26/2023 10:17
270,gsutton@example.org,L3*xx3Z_%b,997783475,1/7/2024 3:00,1/7/2024 3:00
271,kellycross@example.org,*2M2Iz_E&J,961441899,6/19/2024 0:42,6/19/2024 0:42
272,mathewpope@example.com,0&5MtumzQV,990488353,6/1/2024 23:42,6/1/2024 23:42
273,joshuawoods@example.net,+ci5I)rr70,908801254,8/16/2023 3:43,8/16/2023 3:43
274,newmanjeffrey@example.net,#qnPgUNe46,921085037,9/20/2023 8:51,9/20/2023 8:51
275,laurenwilson@example.net,8SuvgK!v*n,941003496,12/13/2023 22:22,12/13/2023 22:22
276,justinfloyd@example.com,@ny612SoXh,937439973,6/11/2024 22:44,6/11/2024 22:44
277,theresadavis@example.net,#NAME?,933704088,1/20/2024 9:39,1/20/2024 9:39
278,ibarrett@example.com,P#9gOymS+h,929867223,6/20/2024 12:05,6/20/2024 12:05
279,kathleenlee@example.org,%eIBmcB!)4,984010243,6/24/2024 14:34,6/24/2024 14:34
280,ianbush@example.com,(2v646fATC,982043942,12/3/2023 21:56,12/3/2023 21:56
281,tmccarthy@example.com,!sNJd!vN6T,933460761,11/15/2023 6:06,11/15/2023 6:06
282,stephanie53@example.net,)8SB3^+Y%z,907706653,8/23/2023 14:47,8/23/2023 14:47
283,fredericktimothy@example.net,&42sJXJeTh,962731320,5/18/2024 3:22,5/18/2024 3:22
284,susan97@example.com,)1^A2bp4BD,987854786,10/28/2023 3:57,10/28/2023 3:57
285,traci74@example.com,DD0rqLb(y#,913338196,3/20/2024 4:13,3/20/2024 4:13
286,stephen52@example.net,WVC!w&3w3&,939552010,6/30/2024 1:49,6/30/2024 1:49
287,rkemp@example.net,)Bm^HJqQ4(,915425581,7/20/2024 1:50,7/20/2024 1:50
288,kevinfinley@example.net,L(5H)a1T^8,988551502,1/1/2024 21:43,1/1/2024 21:43
289,alejandroolsen@example.net,i3SY_ZYI&A,932840355,11/7/2023 7:28,11/7/2023 7:28
290,veronica18@example.com,uX&W_MUb#9,995494330,11/17/2023 19:35,11/17/2023 19:35
291,taylornicole@example.com,%+g45VwQ+J,972398504,5/17/2024 7:55,5/17/2024 7:55
292,ibowers@example.net,Fu@Gs*I0+3,998344026,11/6/2023 14:15,11/6/2023 14:15
293,nealvanessa@example.org,o1lp5L4h!6,935015790,1/7/2024 4:17,1/7/2024 4:17
294,alyssa32@example.org,wo(5Jr%yR),970701731,10/8/2023 3:34,10/8/2023 3:34
295,bairdmegan@example.org,$Btht$(ig3,930379321,11/21/2023 12:51,11/21/2023 12:51
296,mauricebrown@example.org,)fF1lcayJ0,978841176,11/14/2023 1:17,11/14/2023 1:17
297,charles53@example.net,_%+n0ZsIpQ,917238150,2/15/2024 20:46,2/15/2024 20:46
298,iduffy@example.org,z$(5sCxf5w,987107494,9/24/2023 22:15,9/24/2023 22:15
299,jessicavillanueva@example.com,TNa!Afed$9,943503955,9/23/2023 6:22,9/23/2023 6:22
300,blackwellsean@example.net,(6TdWEcSSy,930443854,11/18/2023 10:23,11/18/2023 10:23
301,jesusball@example.com,*qALU%5G^5,959641464,4/22/2024 16:52,4/22/2024 16:52
302,richard30@example.net,Si7Ii2u&3_,956423732,4/6/2024 4:56,4/6/2024 4:56
303,anthonysullivan@example.net,&@NVcIgAm5,921053818,8/24/2023 17:27,8/24/2023 17:27
304,yshields@example.com,S22MML5g^e,966299637,4/10/2024 21:10,4/10/2024 21:10
305,scottharmon@example.net,&6tBjx@1$n,911192580,8/7/2023 18:22,8/7/2023 18:22
306,abentley@example.com,^_+kv7Tt*3,922522588,7/21/2024 5:47,7/21/2024 5:47
307,william52@example.net,#NAME?,918600574,5/1/2024 9:46,5/1/2024 9:46
308,timothyking@example.net,B6o^9YkMY4,966255322,12/22/2023 12:47,12/22/2023 12:47
309,douglas30@example.org,!(3iD6Sxs%,928131857,4/18/2024 7:24,4/18/2024 7:24
310,laura78@example.org,)7yYPaCvI%,926297024,3/26/2024 19:05,3/26/2024 19:05
311,tina98@example.org,rN0$C7Xdg),956788090,7/17/2024 6:22,7/17/2024 6:22
312,oflores@example.org,RO3YB7am+6,994125979,2/19/2024 20:48,2/19/2024 20:48
313,martindennis@example.net,%PLSpg8Y9u,982216828,6/4/2024 9:12,6/4/2024 9:12
314,hdunn@example.org,z27SKQ$h$e,959640179,6/27/2024 5:23,6/27/2024 5:23
315,amyallen@example.com,&e65A%InNJ,933332541,12/30/2023 8:28,12/30/2023 8:28
316,johnsonjennifer@example.net,l&rZNPXb_6,990740825,3/18/2024 20:05,3/18/2024 20:05
317,pmcdonald@example.com,dKF4Ci5tG),977020526,2/18/2024 2:14,2/18/2024 2:14
318,alvarezjulia@example.com,Q9u(RYqW)n,960344493,4/2/2024 13:21,4/2/2024 13:21
319,tlamb@example.org,W!BvqFR$&1,914270313,4/19/2024 14:17,4/19/2024 14:17
320,larrygarcia@example.com,#NAME?,959015262,12/31/2023 8:00,12/31/2023 8:00
321,franciskyle@example.net,1$UQlJgd*G,904086068,3/31/2024 22:58,3/31/2024 22:58
322,kendraarmstrong@example.net,9ZM0M*Sp#P,987137684,11/21/2023 14:50,11/21/2023 14:50
323,sarah44@example.org,(kDr+Ed9v6,942624655,8/9/2023 10:19,8/9/2023 10:19
324,sandersmanuel@example.org,^6HEGOulFo,961721383,6/9/2024 22:09,6/9/2024 22:09
325,crystalharrison@example.com,#11Ki@q(MF,974862384,1/2/2024 4:15,1/2/2024 4:15
326,reneeparsons@example.net,#Bo0(bMlsP,967746822,4/4/2024 19:27,4/4/2024 19:27
327,jenkinssusan@example.org,dno6pHQej!,926798345,7/7/2024 12:39,7/7/2024 12:39
328,iroberts@example.com,@44LSZasrC,957688532,10/26/2023 12:25,10/26/2023 12:25
329,danielgrant@example.net,+5!lZljgDd,904530209,2/8/2024 0:23,2/8/2024 0:23
330,meghananderson@example.com,+p*a8M)%m0,998968739,4/20/2024 7:51,4/20/2024 7:51
331,lisawilliams@example.org,&H%3Ue3xgE,936668668,7/16/2024 22:39,7/16/2024 22:39
332,xforbes@example.com,%yA!@haQ5*,960142451,4/17/2024 0:17,4/17/2024 0:17
333,robertrichards@example.org,__7)dePdH4,954102234,3/16/2024 14:13,3/16/2024 14:13
334,rcarroll@example.com,(9c*dvSuT5,976254145,12/30/2023 23:16,12/30/2023 23:16
335,williamscraig@example.com,C#72JHEg9G,971149107,10/2/2023 23:34,10/2/2023 23:34
336,gloverkayla@example.org,$M$5RKkw91,926905579,1/27/2024 4:36,1/27/2024 4:36
337,darren50@example.net,V%2EACdlm+,981299440,8/14/2023 13:30,8/14/2023 13:30
338,beanmichael@example.net,n*k6pYOv7c,969654503,1/17/2024 15:00,1/17/2024 15:00
339,pam74@example.org,X@4ZmZ8k*i,980577331,5/6/2024 15:36,5/6/2024 15:36
340,anthony69@example.org,s29nTi*uD%,986493491,1/6/2024 2:48,1/6/2024 2:48
341,danabutler@example.com,%spDD+9kp1,926697140,2/29/2024 7:23,2/29/2024 7:23
342,kevinmoran@example.org,^6^J9LbqyR,939121982,11/20/2023 4:31,11/20/2023 4:31
343,stokestimothy@example.com,^#e4scBi21,906186849,4/29/2024 20:38,4/29/2024 20:38
344,johnjames@example.net,mGh+b0Rn_k,971742477,10/13/2023 20:12,10/13/2023 20:12
345,zschultz@example.com,k7Re8QexD),968479206,5/28/2024 20:00,5/28/2024 20:00
346,shane50@example.org,#NAME?,953779456,11/21/2023 7:04,11/21/2023 7:04
347,bowensean@example.net,IOZjm$h0!3,934743534,10/15/2023 7:42,10/15/2023 7:42
348,joannelawson@example.org,GeB1fNoh%z,978667357,9/4/2023 13:13,9/4/2023 13:13
349,cindywallace@example.net,+%Pu5Gj5fx,916479787,8/31/2023 18:03,8/31/2023 18:03
350,jeffreytaylor@example.com,c@4MHoy%WM,920265522,5/24/2024 3:09,5/24/2024 3:09
351,danielle50@example.com,_6%TeK2c#D,925673975,11/16/2023 6:05,11/16/2023 6:05
352,michaelroach@example.com,6QwpO3Cl&Y,933045035,4/19/2024 23:48,4/19/2024 23:48
353,robynbell@example.com,9#252+(qHN,904565987,6/11/2024 16:43,6/11/2024 16:43
354,ybrewer@example.org,&x0YuIL(@r,970782277,1/23/2024 0:31,1/23/2024 0:31
355,tammy04@example.net,%w@P2VP92k,968704307,1/17/2024 19:56,1/17/2024 19:56
356,michaela32@example.org,_&DX8Z+ic1,994279242,6/27/2024 3:50,6/27/2024 3:50
357,sherri33@example.net,&8lK&7vnZJ,936896233,3/17/2024 2:25,3/17/2024 2:25
358,jennifer85@example.net,p3Glar$%%N,933158699,5/5/2024 9:14,5/5/2024 9:14
359,lisa90@example.org,gd4Jv4Bnb+,966535547,3/7/2024 11:10,3/7/2024 11:10
360,earlcarter@example.com,e#3awBhk_%,993727822,12/22/2023 8:49,12/22/2023 8:49
361,marygrant@example.net,Q5JYpaae$l,993668416,12/21/2023 6:18,12/21/2023 6:18
362,jacoblamb@example.org,X+UH(+Aa_2,938526790,3/26/2024 7:04,3/26/2024 7:04
363,brussell@example.org,y*@!4Ef^T&,941050897,8/27/2023 9:24,8/27/2023 9:24
364,denise04@example.com,ke$9M7anuL,962944727,2/26/2024 7:43,2/26/2024 7:43
365,zgeorge@example.com,&D04Sbv(Ub,998878412,1/28/2024 15:34,1/28/2024 15:34
366,jamesmartinez@example.net,i@F53H7uM@,965002140,10/24/2023 4:06,10/24/2023 4:06
367,adam02@example.org,R3G8MaFi#q,972369262,2/26/2024 7:36,2/26/2024 7:36
368,hthompson@example.net,7WYMNmoN!g,931387746,11/6/2023 21:15,11/6/2023 21:15
369,barbara59@example.net,$8XmK#huRc,937985567,10/4/2023 22:10,10/4/2023 22:10
370,sking@example.org,@HtaDrcf!5,989190429,6/25/2024 0:56,6/25/2024 0:56
371,cuevaskaitlyn@example.org,#NAME?,924626844,3/16/2024 15:59,3/16/2024 15:59
372,wferguson@example.net,339L2sJh#6,989781451,6/20/2024 13:16,6/20/2024 13:16
373,whitemolly@example.com,S+3pdR&N5w,993483058,3/1/2024 20:56,3/1/2024 20:56
374,georgemartin@example.com,l*8cKunF7Y,920011951,1/27/2024 11:02,1/27/2024 11:02
375,lbrown@example.net,+1oHTooP$I,949606530,9/16/2023 9:00,9/16/2023 9:00
376,sjohnson@example.net,Dvs1WGXs$g,974194346,4/18/2024 9:41,4/18/2024 9:41
377,cwright@example.com,w8cGTmja_(,934045623,2/19/2024 21:19,2/19/2024 21:19
378,jacobjenkins@example.org,^B3KId7k%4,966235206,12/11/2023 20:10,12/11/2023 20:10
379,eric95@example.net,S7BSVtci%U,986203364,7/17/2024 7:39,7/17/2024 7:39
380,james86@example.com,LLJX2UYz#*,905686985,2/14/2024 18:50,2/14/2024 18:50
381,danielle19@example.org,!2)UNM5l1g,931784972,2/12/2024 7:52,2/12/2024 7:52
382,andersonjames@example.com,+t+M5+3n62,927150504,6/7/2024 8:17,6/7/2024 8:17
383,stephensmatthew@example.org,4BHPCbzT+n,984686286,10/17/2023 16:47,10/17/2023 16:47
384,icooper@example.com,*5qKcrc4G2,953476868,5/14/2024 14:11,5/14/2024 14:11
385,brandon95@example.net,6mQ)$rMy)2,949680523,4/19/2024 11:30,4/19/2024 11:30
386,stacyhopkins@example.com,!)723Hw+A%,969408102,2/17/2024 10:11,2/17/2024 10:11
387,carlos99@example.org,dk%$r8Ed&G,997805862,11/8/2023 17:21,11/8/2023 17:21
388,madelinenunez@example.com,*36amrGn@8,959063531,12/27/2023 12:09,12/27/2023 12:09
389,johnrichardson@example.org,*@6ZsT8b*n,930329503,11/16/2023 9:01,11/16/2023 9:01
390,hsmith@example.com,)3Hox&ShSv,952055515,1/17/2024 13:28,1/17/2024 13:28
391,stephen02@example.org,p!41&Hxzp^,983857452,2/19/2024 21:35,2/19/2024 21:35
392,charlescontreras@example.com,en918Gx(T*,910997549,12/9/2023 2:22,12/9/2023 2:22
393,esmith@example.com,$3ZQWO1aqL,944870135,3/25/2024 19:42,3/25/2024 19:42
394,robertsonjessica@example.org,pBK(lc6t*7,902660278,9/6/2023 17:10,9/6/2023 17:10
395,joshua82@example.com,cb9B3tZn#_,938174368,2/23/2024 9:50,2/23/2024 9:50
396,michelle08@example.net,&kn8J6Kh@C,965654121,8/6/2023 1:45,8/6/2023 1:45
397,steinmichael@example.com,+u6p9F0TU#,980574817,9/1/2023 22:26,9/1/2023 22:26
398,oglenn@example.com,@wIUAdV9W1,977720669,3/3/2024 10:46,3/3/2024 10:46
399,evan21@example.org,Jr1jTRyB)1,939120732,3/21/2024 16:06,3/21/2024 16:06
400,angela83@example.net,K&tz1Pbiyv,902798809,1/13/2024 17:39,1/13/2024 17:39
401,charlesstone@example.net,h59KbQf+@!,983774588,4/18/2024 16:21,4/18/2024 16:21
402,gcampbell@example.org,^5LlITfPQ7,927329778,10/5/2023 20:13,10/5/2023 20:13
403,martinjoseph@example.org,+6GNALd8@0,915008785,3/22/2024 3:10,3/22/2024 3:10
404,kali@example.net,@UjbcJvO3p,991522438,9/15/2023 1:39,9/15/2023 1:39
405,kathywelch@example.com,_S167DIe!S,946017795,7/8/2024 10:11,7/8/2024 10:11
406,ashley49@example.com,69BLzhxT@4,971980987,6/21/2024 9:54,6/21/2024 9:54
407,matthewlamb@example.com,AcNh+1Wz!6,907810292,3/14/2024 15:02,3/14/2024 15:02
408,nathaniel35@example.org,oi$r2Fsb)0,921441944,5/15/2024 20:15,5/15/2024 20:15
409,hendersonkristopher@example.com,L(8WCPdB@Y,904897205,6/8/2024 21:12,6/8/2024 21:12
410,kelleyjennifer@example.com,%&dUQ2Exfd,900618186,7/11/2024 7:20,7/11/2024 7:20
411,matthewsmeagan@example.com,hF6FWWwf+),946181408,4/28/2024 11:43,4/28/2024 11:43
412,kendrashelton@example.com,z^BHs9g**0,979364110,10/25/2023 4:16,10/25/2023 4:16
413,jeffreythompson@example.org,q6Ur%9rK(6,969149395,7/27/2023 4:35,7/27/2023 4:35
414,amckinney@example.com,23UDdYKh(9,940750170,5/18/2024 11:01,5/18/2024 11:01
415,tanyawarren@example.com,M1818Ldf$Q,921381087,12/22/2023 12:48,12/22/2023 12:48
416,raymondgarner@example.com,l4h85N0l+E,914846124,12/9/2023 17:02,12/9/2023 17:02
417,mbowman@example.org,l6Oea7yP(U,917942798,3/31/2024 8:07,3/31/2024 8:07
418,jared96@example.net,+1bmIFqw9o,926579703,10/7/2023 9:10,10/7/2023 9:10
419,rushbrenda@example.com,%8QZSDeGrh,927744043,1/14/2024 14:11,1/14/2024 14:11
420,edwardsebony@example.net,**lJmJcJG2,916036408,6/12/2024 16:00,6/12/2024 16:00
421,lisa66@example.org,vCJMHqmk%4,907806110,9/6/2023 10:53,9/6/2023 10:53
422,peggy32@example.org,!EzUD5dq@7,950478350,9/29/2023 7:24,9/29/2023 7:24
423,omarshall@example.com,7sW34_Kx_8,954174286,6/11/2024 4:56,6/11/2024 4:56
424,michaelwarner@example.net,9Y(8ZeYx)X,962210247,8/13/2023 3:59,8/13/2023 3:59
425,tshelton@example.com,@8k@xG^Yzq,974148266,8/17/2023 12:38,8/17/2023 12:38
426,kathryn34@example.org,J9db5PRk!f,957231518,8/3/2023 22:28,8/3/2023 22:28
427,smithmichael@example.com,(o7+!NCrz@,950379841,9/29/2023 19:05,9/29/2023 19:05
428,vargaskevin@example.net,)s$9ODkzCx,994084609,3/22/2024 9:17,3/22/2024 9:17
429,brownaaron@example.org,*71Mnm1O^_,989840929,4/15/2024 5:00,4/15/2024 5:00
430,michael19@example.org,cOC3B7g4_2,934631656,9/19/2023 16:25,9/19/2023 16:25
431,zbell@example.com,7HrKx8++*L,971348927,9/23/2023 6:18,9/23/2023 6:18
432,dallen@example.net,&54Uyx)K56,902101827,6/23/2024 19:20,6/23/2024 19:20
433,shawchristopher@example.com,%IyIpCFwp1,915709474,1/3/2024 17:47,1/3/2024 17:47
434,wilsonnicole@example.com,Qv%1ULkzzs,912616299,1/24/2024 3:01,1/24/2024 3:01
435,leejoshua@example.com,b%5%BTcp!^,904954327,4/13/2024 11:58,4/13/2024 11:58
436,gmiller@example.com,%#3ImzkBv4,929824045,11/4/2023 20:58,11/4/2023 20:58
437,roger06@example.net,&aVUu7K4d^,973384256,12/7/2023 14:56,12/7/2023 14:56
438,jfranklin@example.org,&A5yOqkFTT,912966573,6/15/2024 18:24,6/15/2024 18:24
439,duncanstacey@example.org,(hjT6Jz&j1,905651291,11/30/2023 18:30,11/30/2023 18:30
440,barbara63@example.org,M0u_H+zj+J,941454279,6/16/2024 11:07,6/16/2024 11:07
441,harpermonica@example.com,o^9cV#AA5h,945336493,6/14/2024 2:17,6/14/2024 2:17
442,cdean@example.net,*j2QyR$dpn,926815440,4/17/2024 12:08,4/17/2024 12:08
443,charles32@example.org,P@7c_H$gOO,952030665,6/30/2024 19:09,6/30/2024 19:09
444,mfisher@example.com,GJ^TR7Joi*,910287523,9/15/2023 21:01,9/15/2023 21:01
445,jeffrey45@example.org,@Rc7Eswi73,913511248,12/13/2023 11:57,12/13/2023 11:57
446,jeffreydavis@example.com,%68fBl%r8*,975918979,1/16/2024 12:20,1/16/2024 12:20
447,paula15@example.org,$*&8T5edj@,906497317,4/25/2024 13:43,4/25/2024 13:43
448,ypayne@example.org,K4U3Y@hJl),923510057,2/21/2024 7:53,2/21/2024 7:53
449,angelacooper@example.net,!m58QaRm4),926742230,4/8/2024 13:59,4/8/2024 13:59
450,michaelgoodman@example.org,%7Mzu(*JEj,945188718,2/5/2024 14:08,2/5/2024 14:08
451,fordbrian@example.net,b75BBSnb@B,904638839,8/12/2023 23:56,8/12/2023 23:56
452,monica80@example.com,)yMQ&$ps5B,944518851,7/16/2024 20:39,7/16/2024 20:39
453,kstewart@example.org,#0H0oKKd6V,929886850,3/28/2024 22:04,3/28/2024 22:04
454,kyle46@example.com,(8)ASsvZOg,954383600,9/13/2023 5:53,9/13/2023 5:53
455,theresacollins@example.com,q08TFa#Sz_,946457778,5/17/2024 13:39,5/17/2024 13:39
456,steven69@example.net,1o$5H7Ay)2,969267594,6/10/2024 2:16,6/10/2024 2:16
457,daniel51@example.com,8l50EWkV(p,903493581,4/21/2024 8:44,4/21/2024 8:44
458,chad42@example.net,z7n6Al8X!H,974710655,8/31/2023 4:04,8/31/2023 4:04
459,kdavis@example.net,+vCY)etXd9,992016007,3/12/2024 13:40,3/12/2024 13:40
460,dbeck@example.com,(8NDRq*NAp,907306001,5/31/2024 3:55,5/31/2024 3:55
461,lcarroll@example.net,_2dERzxeR1,939410763,1/7/2024 14:58,1/7/2024 14:58
462,prichard@example.net,20G)OKdj_i,975493229,2/7/2024 0:29,2/7/2024 0:29
463,antonio18@example.com,(6A1Yjmwb^,935540167,3/7/2024 17:36,3/7/2024 17:36
464,ronaldrodriguez@example.net,_@6MzfSceh,935884670,9/1/2023 0:59,9/1/2023 0:59
465,jessewalker@example.net,qLd@M!*&)0,909961086,2/12/2024 17:45,2/12/2024 17:45
466,martinezsteven@example.net,R!4u1Ggo&),997874457,11/12/2023 18:49,11/12/2023 18:49
467,xcarlson@example.org,zRsK7ZXt^M,923963459,8/23/2023 20:58,8/23/2023 20:58
468,bhoward@example.net,2jOoBp5q@j,984908495,9/22/2023 5:20,9/22/2023 5:20
469,james78@example.org,K4fE!plU_0,973816142,12/29/2023 17:48,12/29/2023 17:48
470,bunderwood@example.org,1U2XfRpGs_,965196119,4/22/2024 9:51,4/22/2024 9:51
471,abigail06@example.org,6_0XhyfV)4,905360390,4/8/2024 21:28,4/8/2024 21:28
472,austintyler@example.net,yo(Bn5Du*(,906294199,7/29/2023 23:00,7/29/2023 23:00
473,danielbanks@example.com,L&gQ9BZL4w,904428290,5/26/2024 9:55,5/26/2024 9:55
474,ghorn@example.net,_8fG3Xtg*K,933595408,3/22/2024 2:03,3/22/2024 2:03
475,bdavis@example.com,cbM(7CZoQ&,961265707,2/2/2024 20:54,2/2/2024 20:54
476,martinezjonathan@example.net,+lmc4)UHF^,937512144,1/30/2024 12:05,1/30/2024 12:05
477,markfernandez@example.net,z9MF@P4q$(,941778733,1/22/2024 1:34,1/22/2024 1:34
478,rosselizabeth@example.net,*iF_5UgD)!,974088099,9/17/2023 7:27,9/17/2023 7:27
479,ortegajoshua@example.com,z9HMS(W#_b,947681757,12/6/2023 3:13,12/6/2023 3:13
480,glee@example.net,*T71#SYl*C,918203912,5/9/2024 20:20,5/9/2024 20:20
481,uwheeler@example.net,5sF3T)Ot*(,998934886,3/17/2024 7:02,3/17/2024 7:02
482,mariayork@example.net,@6x2NSW_Ia,990328183,9/28/2023 12:07,9/28/2023 12:07
483,pwright@example.net,5M2YWMSoP),958885957,10/30/2023 17:09,10/30/2023 17:09
484,delacruzmike@example.net,Y@9QHWbHYv,970767165,12/9/2023 6:38,12/9/2023 6:38
485,andresbeard@example.net,rWPM7Lve3*,957499548,3/27/2024 20:09,3/27/2024 20:09
486,kristen38@example.net,9as5VlOQ5@,987093980,2/17/2024 22:57,2/17/2024 22:57
487,gloria25@example.org,9o3e(vSwZ$,963375643,7/2/2024 9:06,7/2/2024 9:06
488,ihiggins@example.org,_JHDjObd&6,998084600,12/31/2023 4:53,12/31/2023 4:53
489,kurtthomas@example.org,(Y1sKQiv86,943867301,5/31/2024 8:49,5/31/2024 8:49
490,jeffreychavez@example.org,t(7OXlXO3d,994425053,11/27/2023 11:53,11/27/2023 11:53
491,jmartin@example.net,wLIOS**h+7,940679446,9/24/2023 15:31,9/24/2023 15:31
492,joyce90@example.net,BC%4ZCwB*T,927592731,1/2/2024 17:05,1/2/2024 17:05
493,braunnathaniel@example.net,8cqOiwYY_D,997558155,12/21/2023 6:41,12/21/2023 6:41
494,qking@example.org,swk%4TbrMh,973280635,12/31/2023 22:54,12/31/2023 22:54
495,hurststeven@example.org,Q6*cFOda@s,945612031,7/6/2024 15:14,7/6/2024 15:14
496,walshwilliam@example.com,!8tUiAKXf$,972424526,4/20/2024 23:25,4/20/2024 23:25
497,georgedeborah@example.org,6*MqIFyk(k,910371514,12/11/2023 21:40,12/11/2023 21:40
498,karinadiaz@example.com,!n5Ngvg138,929349392,11/17/2023 5:06,11/17/2023 5:06
499,rodriguezashley@example.org,#rfY5$Uf4O,984815910,4/6/2024 2:30,4/6/2024 2:30
500,swansonalexander@example.org,7$j3CxM%K2,979235196,2/27/2024 5:04,2/27/2024 5:04
501,tpierce@example.com,ON)JnO79@3,954681040,1/1/2024 1:45,1/1/2024 1:45
502,shale@example.com,_BFFf+9NK6,967432570,2/19/2024 21:29,2/19/2024 21:29
503,nicole43@example.org,vEB$^5IziI,933677118,9/15/2023 11:20,9/15/2023 11:20
504,julia54@example.net,559O*YFg%),955625871,4/23/2024 6:38,4/23/2024 6:38
505,sara28@example.com,)fOM5y+v7i,939013374,12/27/2023 7:16,12/27/2023 7:16
506,milleremily@example.com,P9Eo!hxK*2,964476272,2/9/2024 13:12,2/9/2024 13:12
507,ilopez@example.com,db6CKJtu_Q,951836198,4/14/2024 22:42,4/14/2024 22:42
508,amberdrake@example.org,)Zhf2Sh7&g,921098787,5/11/2024 4:55,5/11/2024 4:55
509,kevinclements@example.org,Or3S3NHf)b,912728507,10/6/2023 5:57,10/6/2023 5:57
510,holmestodd@example.com,0TPZ1Fgf)_,963272864,12/27/2023 0:26,12/27/2023 0:26
511,garrisonjoshua@example.org,+7H@$vbV#J,980095580,8/3/2023 17:46,8/3/2023 17:46
512,smithashley@example.org,Szo4DAOm$7,905382808,6/6/2024 9:27,6/6/2024 9:27
513,erinhorne@example.com,)L50J4emOs,931674828,8/3/2023 5:53,8/3/2023 5:53
514,osanford@example.net,6&+%wj5yVL,932979587,2/6/2024 23:29,2/6/2024 23:29
515,larsonjacqueline@example.net,j%Kg4QAsZT,912223338,6/7/2024 6:35,6/7/2024 6:35
516,michael97@example.com,5(75hYSuY_,940873692,5/6/2024 7:30,5/6/2024 7:30
517,adam86@example.com,Ovhb6O_mR#,981751613,2/5/2024 14:08,2/5/2024 14:08
518,rhayes@example.org,K81WpXsRW@,922085530,11/24/2023 12:52,11/24/2023 12:52
519,geoffrey15@example.org,H!9*nPg0Y!,977364710,11/12/2023 7:32,11/12/2023 7:32
520,johnsonfranklin@example.com,+fFQYm#QQ5,951950589,7/29/2023 0:49,7/29/2023 0:49
521,zspencer@example.org,!z$NKnJy0N,903916328,12/27/2023 12:15,12/27/2023 12:15
522,xclark@example.net,g60)1M+iK3,932086114,10/2/2023 17:22,10/2/2023 17:22
523,bensonjon@example.com,!Zo%0ysHF6,996534862,5/12/2024 6:20,5/12/2024 6:20
524,troymendoza@example.net,D9x5$VKx_T,936050953,5/7/2024 1:15,5/7/2024 1:15
525,robertfarmer@example.org,_6BNW5&g&(,985342012,1/8/2024 1:05,1/8/2024 1:05
526,jessicarasmussen@example.net,$9EQVg0Gn&,919107583,5/9/2024 10:55,5/9/2024 10:55
527,chamberschristy@example.org,+E6DXa98&),925609840,9/29/2023 19:09,9/29/2023 19:09
528,scunningham@example.org,)*9EkciL40,984174036,4/16/2024 2:10,4/16/2024 2:10
529,laurenhenry@example.org,_r1Y0BXplu,984243193,4/15/2024 6:45,4/15/2024 6:45
530,harperbridget@example.net,+n5e1(Xaps,941724028,10/1/2023 7:31,10/1/2023 7:31
531,amber05@example.com,#5)FPXDb&Y,962855466,7/13/2024 10:09,7/13/2024 10:09
532,ireid@example.org,9a(5SbifJ%,992939943,8/31/2023 22:58,8/31/2023 22:58
533,vjones@example.com,!0YWTWo6VJ,994017759,1/20/2024 7:44,1/20/2024 7:44
534,ibrown@example.net,^L7HttV%hD,907812214,10/28/2023 22:59,10/28/2023 22:59
535,fjames@example.org,@pIptd1j7$,921817300,8/20/2023 19:58,8/20/2023 19:58
536,davidrobinson@example.com,)eVVve)g5%,925746940,11/22/2023 5:05,11/22/2023 5:05
537,james54@example.org,PyV51SVmG+,988559282,9/22/2023 16:55,9/22/2023 16:55
538,joshua27@example.com,v)q2Lidv&%,945956882,3/16/2024 4:03,3/16/2024 4:03
539,wcarrillo@example.net,Vz1*iWrt0^,984555223,6/11/2024 3:19,6/11/2024 3:19
540,hicksdakota@example.org,8O8LZwxlA^,946278243,8/5/2023 5:12,8/5/2023 5:12
541,pdixon@example.net,o8)13SHgh!,917300335,9/3/2023 21:25,9/3/2023 21:25
542,luis96@example.net,b%5HHx*q9D,923504623,8/26/2023 9:26,8/26/2023 9:26
543,kimberlyramirez@example.net,K2CwA(sS$@,910144032,11/29/2023 2:27,11/29/2023 2:27
544,brittany81@example.net,(q+C5oek%6,964444600,3/21/2024 7:45,3/21/2024 7:45
545,joseph70@example.com,_6Q1axm$%N,925225746,5/30/2024 11:23,5/30/2024 11:23
546,ahill@example.net,#1AFfhAa11,985908040,5/6/2024 12:07,5/6/2024 12:07
547,markjohnson@example.net,(CFx5BW51Q,951816236,2/25/2024 8:49,2/25/2024 8:49
548,patrickcole@example.org,U(J)1Y6xn5,970681756,5/2/2024 9:30,5/2/2024 9:30
549,matthewmarshall@example.org,2VAiUeTj^x,916766712,10/26/2023 12:51,10/26/2023 12:51
550,sherrimeyer@example.org,%#90Yga2yY,903788898,10/6/2023 20:14,10/6/2023 20:14
551,christopher25@example.net,N%I_Mr6k)0,919271564,5/16/2024 6:47,5/16/2024 6:47
552,andrew24@example.org,(p&9rPYeL6,949346449,5/13/2024 19:41,5/13/2024 19:41
553,hensonjill@example.com,^^mZfqz+9R,970748088,3/16/2024 4:09,3/16/2024 4:09
554,samantha21@example.net,067dRnfd^*,954915357,6/26/2024 21:03,6/26/2024 21:03
555,xhall@example.net,F6w)u^2v&X,903368554,5/30/2024 13:42,5/30/2024 13:42
556,johnsonalexandra@example.net,(w7WLwJeX9,996372571,5/19/2024 7:32,5/19/2024 7:32
557,joshua03@example.com,Kg%RH4mK@8,995666268,1/28/2024 19:25,1/28/2024 19:25
558,allendecker@example.net,X*5FVr5p%M,941871446,7/3/2024 10:45,7/3/2024 10:45
559,elliottmegan@example.net,!FP3Jjtb3a,960906386,9/26/2023 16:52,9/26/2023 16:52
560,gclark@example.com,sH8TaMCoP(,954378950,3/19/2024 2:08,3/19/2024 2:08
561,mhenderson@example.com,)bd9yKaIjL,976930046,1/27/2024 1:14,1/27/2024 1:14
562,annette44@example.org,)6DRdvQ2h#,960836885,9/6/2023 20:30,9/6/2023 20:30
563,hthomas@example.com,Ywj7VdEbk!,908669018,9/9/2023 11:36,9/9/2023 11:36
564,fieldsallison@example.org,NU7eX1zcw$,958520512,7/2/2024 7:32,7/2/2024 7:32
565,catherine35@example.net,%4iN)c2Pj!,953183690,6/14/2024 6:09,6/14/2024 6:09
566,gabrielle00@example.net,!25Q8Bf5h*,979366665,1/22/2024 5:26,1/22/2024 5:26
567,vancerhonda@example.org,)3$UDrBY9y,930162997,2/15/2024 0:37,2/15/2024 0:37
568,tmartinez@example.net,&RbJBXDy0g,912095592,10/11/2023 15:42,10/11/2023 15:42
569,ssmith@example.net,^hE4KkOT1U,939982209,10/19/2023 13:50,10/19/2023 13:50
570,qmoore@example.com,&2VHQpIvF3,929715116,11/13/2023 8:30,11/13/2023 8:30
571,albert31@example.net,^GjafVs!2q,979532336,5/29/2024 22:53,5/29/2024 22:53
572,katelynmorrison@example.com,B(a3%Q1xrx,944584060,1/24/2024 23:16,1/24/2024 23:16
573,choialexandria@example.net,a8N8wWgn_q,916816196,5/12/2024 5:38,5/12/2024 5:38
574,christopher68@example.net,%YAo21S$4w,967036846,11/23/2023 6:48,11/23/2023 6:48
575,kingmichael@example.com,UxP1aUbE%3,939835935,11/20/2023 0:30,11/20/2023 0:30
576,cooperjohn@example.com,$0YJ5goyPE,963563900,11/26/2023 12:50,11/26/2023 12:50
577,cassidyzavala@example.com,&4&wMWDqiQ,923275588,12/7/2023 15:18,12/7/2023 15:18
578,angelalambert@example.net,qjy1G%Xf%a,921038873,7/21/2024 0:01,7/21/2024 0:01
579,thomasgina@example.org,wm#lMjAj$8,941248240,8/18/2023 12:55,8/18/2023 12:55
580,olivia77@example.org,*HlhYNs_(5,976972637,4/19/2024 22:22,4/19/2024 22:22
581,emcguire@example.net,v3_3LIdq*N,964386456,11/21/2023 5:59,11/21/2023 5:59
582,welchwilliam@example.org,7BO5H(kv!V,914500407,4/12/2024 20:10,4/12/2024 20:10
583,nicole03@example.net,$ASDCzGFi3,949325946,2/21/2024 9:09,2/21/2024 9:09
584,andrewmeyer@example.org,2B1UU60a+x,969285467,12/12/2023 14:51,12/12/2023 14:51
585,evansnatalie@example.org,px81GF7h&#,970249241,2/25/2024 16:35,2/25/2024 16:35
586,nicole57@example.com,@4)1%^Brj_,971580779,9/14/2023 19:41,9/14/2023 19:41
587,chaneyangela@example.org,9VpDc+Ys%D,973741068,9/1/2023 9:43,9/1/2023 9:43
588,lmiller@example.org,G*%Y9Pd#V^,989403015,8/17/2023 15:43,8/17/2023 15:43
589,rachel31@example.org,(+WgT(eNj7,953780677,9/25/2023 18:27,9/25/2023 18:27
590,ashley35@example.org,&^0fW&htC#,922068584,5/16/2024 18:58,5/16/2024 18:58
591,xwright@example.com,EZOBoiYm%0,947426982,6/8/2024 9:33,6/8/2024 9:33
592,aprillawson@example.org,(M%1fMXmtj,966145392,2/3/2024 10:36,2/3/2024 10:36
593,howellalison@example.com,Fld2Dye%Y(,918916555,10/21/2023 4:54,10/21/2023 4:54
594,lanejacqueline@example.org,6jQU1QSxa+,957690661,1/9/2024 13:27,1/9/2024 13:27
595,theresa65@example.org,k*E4XK1t1h,990047288,8/1/2023 16:47,8/1/2023 16:47
596,rachelmiller@example.org,0kfXY!t2%0,955617905,11/5/2023 21:01,11/5/2023 21:01
597,mariahfoster@example.net,GIGC!v34)3,904167041,6/23/2024 7:29,6/23/2024 7:29
598,escobardarrell@example.org,#t)qNV7w_2,986259657,12/20/2023 20:01,12/20/2023 20:01
599,steven24@example.com,%1gd*2PmoV,951114571,9/15/2023 18:05,9/15/2023 18:05
600,fbaker@example.com,(#fYRv5D2s,957912884,10/27/2023 9:07,10/27/2023 9:07
601,sarahroberson@example.org,$*Cq+Jql92,936321766,11/25/2023 21:09,11/25/2023 21:09
602,michaelsimpson@example.com,#B7ZYqvDxb,943845402,2/19/2024 4:09,2/19/2024 4:09
603,shawnhenry@example.org,474KH*Pn@),904921005,4/29/2024 18:09,4/29/2024 18:09
604,markbutler@example.net,*F3S8eqhi5,974940888,10/1/2023 9:32,10/1/2023 9:32
605,opatel@example.net,5ZN5aVDo__,909558090,4/19/2024 15:07,4/19/2024 15:07
606,maynardwanda@example.org,1OG)Xkpy%1,958975811,9/15/2023 14:41,9/15/2023 14:41
607,guerreromark@example.org,zn4^&Lzf(d,997552030,1/8/2024 7:29,1/8/2024 7:29
608,wadechloe@example.com,*5SDOUxw6!,950142053,7/25/2023 8:03,7/25/2023 8:03
609,leekim@example.net,o_9UhO_LMc,955500246,12/25/2023 12:00,12/25/2023 12:00
610,ahopkins@example.org,#GAaR2l0n7,906708302,12/5/2023 13:13,12/5/2023 13:13
611,taylorjeffery@example.com,+v7GCj@s!4,915966091,2/21/2024 21:53,2/21/2024 21:53
612,medinaamanda@example.org,(8Qk8xvD1H,973952315,12/29/2023 17:49,12/29/2023 17:49
613,amy16@example.org,F5ODfr6f_b,937674435,8/21/2023 1:30,8/21/2023 1:30
614,kvasquez@example.net,2H*1Dhtn99,914751428,2/4/2024 0:24,2/4/2024 0:24
615,rjenkins@example.net,gRZQXGhS@8,983928343,11/12/2023 20:20,11/12/2023 20:20
616,johnwilson@example.com,^5df_Vhohn,987311021,4/12/2024 9:13,4/12/2024 9:13
617,rshort@example.net,_2EDRGmNUA,979347760,12/23/2023 6:10,12/23/2023 6:10
618,mckeebryan@example.net,H+E9O_urNb,994835760,9/11/2023 1:04,9/11/2023 1:04
619,terrywilliam@example.org,U#9Yzuj&Ic,941097794,4/13/2024 22:39,4/13/2024 22:39
620,krobinson@example.com,_Uuc%oKq$7,963623205,10/1/2023 15:32,10/1/2023 15:32
621,johnsantana@example.org,&6#aDo1UOA,934039701,1/3/2024 4:51,1/3/2024 4:51
622,tylerhoover@example.com,EwNpcOew!4,941863724,6/27/2024 23:18,6/27/2024 23:18
623,haleysmith@example.org,_93I%tv@L%,997933096,12/15/2023 14:11,12/15/2023 14:11
624,cluna@example.net,zgP$8lBjOk,982633077,8/23/2023 10:55,8/23/2023 10:55
625,holmesshawn@example.org,P_ad9YJ4$m,951689676,8/3/2023 18:52,8/3/2023 18:52
626,kyle36@example.net,)8@sOL5xM7,902219399,5/30/2024 6:06,5/30/2024 6:06
627,gregorylaurie@example.com,0tIHJm(f^3,927914056,2/22/2024 18:11,2/22/2024 18:11
628,mmiller@example.com,)y8K#zdnDz,951453135,12/10/2023 11:04,12/10/2023 11:04
629,jcruz@example.net,k@U6I+xo2o,979133466,11/4/2023 16:41,11/4/2023 16:41
630,coxkim@example.net,*5)0Sr+ubI,924479443,11/27/2023 11:41,11/27/2023 11:41
631,linda41@example.com,&JMD8TPz*b,939082527,8/21/2023 17:01,8/21/2023 17:01
632,brownlinda@example.com,pW#9Rzos&^,996478846,10/2/2023 15:47,10/2/2023 15:47
633,ffoster@example.org,8D5Ts6eti(,994472000,6/3/2024 8:00,6/3/2024 8:00
634,thomas04@example.org,%4N@@akW!o,902796451,12/14/2023 9:15,12/14/2023 9:15
635,morarachel@example.org,j$BA7bPeO3,990468457,7/16/2024 2:09,7/16/2024 2:09
636,benjaminpena@example.org,!8MBFKqzWc,973507209,10/23/2023 10:12,10/23/2023 10:12
637,gonzalezmichelle@example.org,e3uXsT2I!C,954185355,10/19/2023 11:03,10/19/2023 11:03
638,nturner@example.net,)A^z%X_0q0,989983239,1/24/2024 2:35,1/24/2024 2:35
639,uhansen@example.org,&4636GVeMF,923175202,1/23/2024 14:48,1/23/2024 14:48
640,devon73@example.com,wAqY_9Orl7,951246887,4/10/2024 22:28,4/10/2024 22:28
641,melissaking@example.net,V1DmhA_a(3,913472815,6/15/2024 8:34,6/15/2024 8:34
642,blakewesley@example.org,(0opZVnhX0,944308810,6/10/2024 21:20,6/10/2024 21:20
643,xtucker@example.net,ul%7&QdX!x,922681154,11/17/2023 22:52,11/17/2023 22:52
644,brettwolf@example.org,Ia7PCSObr@,919773602,6/29/2024 0:28,6/29/2024 0:28
645,ocontreras@example.com,!$9gVRxatD,947252505,5/23/2024 23:19,5/23/2024 23:19
646,sandramoreno@example.com,jm1MfDdh&t,961139829,8/24/2023 6:31,8/24/2023 6:31
647,linda78@example.org,!7&aIVDxLT,968865107,6/23/2024 21:25,6/23/2024 21:25
648,williamsmolly@example.net,@itH4FSg$W,943411164,7/16/2024 3:34,7/16/2024 3:34
649,hortiz@example.net,z#^5lHt@0_,913278508,9/27/2023 11:01,9/27/2023 11:01
650,charlespatterson@example.net,u4*KOx7!$1,903949072,6/30/2024 8:47,6/30/2024 8:47
651,rhenderson@example.com,nte9RBI8%(,950465736,1/15/2024 10:11,1/15/2024 10:11
652,robertsvanessa@example.org,b)1Q&(Xzno,991443289,11/20/2023 2:28,11/20/2023 2:28
653,angela48@example.net,)6NcRNcmvJ,939571356,6/4/2024 8:43,6/4/2024 8:43
654,dudleyrobert@example.com,qsZl0qXI&3,940525436,10/7/2023 18:49,10/7/2023 18:49
655,estevens@example.org,@5TH56fXdR,947337123,2/28/2024 6:52,2/28/2024 6:52
656,daniel14@example.org,#5*8IfX(tY,950904012,10/27/2023 7:43,10/27/2023 7:43
657,gonzalesmarie@example.net,)ScB0YapBf,912055627,3/5/2024 11:29,3/5/2024 11:29
658,tamara91@example.org,0+#%5Hb*+a,938147259,11/14/2023 10:23,11/14/2023 10:23
659,joshua50@example.com,R#s+XeAQ!3,945812274,8/17/2023 17:48,8/17/2023 17:48
660,leah66@example.org,dbmFyRad^3,934386782,8/31/2023 11:55,8/31/2023 11:55
661,greensusan@example.net,(e15SzAf@B,917405205,12/9/2023 4:35,12/9/2023 4:35
662,ronald40@example.org,)13@hnMk5E,956630964,7/14/2024 8:29,7/14/2024 8:29
663,ryancook@example.net,!2S_l9(gYM,990395756,5/18/2024 7:50,5/18/2024 7:50
664,jmorton@example.net,2nKNufQZ)7,915552314,6/24/2024 11:34,6/24/2024 11:34
665,kpotts@example.net,S_0K@2Fm$7,914134325,4/7/2024 11:08,4/7/2024 11:08
666,jenkinsvictoria@example.net,EZDI(CYb#1,987622020,11/12/2023 15:34,11/12/2023 15:34
667,ehudson@example.com,n(y9C_s^Ka,951016591,8/20/2023 12:04,8/20/2023 12:04
668,igardner@example.org,@9YyHl3!_t,989795506,9/25/2023 5:08,9/25/2023 5:08
669,james68@example.net,)_PJG(Zdu8,974994073,2/15/2024 16:55,2/15/2024 16:55
670,terribryant@example.com,)5Rf#FmAb7,986388129,12/28/2023 6:16,12/28/2023 6:16
671,xprice@example.org,(4S8xNiaIj,918579199,5/7/2024 7:45,5/7/2024 7:45
672,markclarke@example.org,1)0sSN)Fcs,941007981,3/2/2024 8:56,3/2/2024 8:56
673,hestergregory@example.net,LH5zEzYmd%,982342015,10/11/2023 11:57,10/11/2023 11:57
674,andrewrobinson@example.com,)BQ+Ocb#u8,936263234,12/31/2023 6:17,12/31/2023 6:17
675,jo50@example.org,#7fu8I(er@,923110233,9/5/2023 5:23,9/5/2023 5:23
676,collinsjennifer@example.com,&A4E&Bv)*@,921808712,4/30/2024 13:01,4/30/2024 13:01
677,wallacetony@example.net,!bi#5GvY4m,916600063,2/25/2024 14:54,2/25/2024 14:54
678,rschultz@example.net,&2Bl5yLlo(,983799522,6/29/2024 12:54,6/29/2024 12:54
679,yjarvis@example.org,Hy!86PhfHA,944760346,6/19/2024 15:59,6/19/2024 15:59
680,matthewperry@example.com,^7y0dVXkpN,952987491,9/9/2023 15:57,9/9/2023 15:57
681,rharris@example.org,c!8wT1yi7A,941781190,7/11/2024 4:44,7/11/2024 4:44
682,eileensullivan@example.net,#K2FiWVr_C,954122945,2/22/2024 2:03,2/22/2024 2:03
683,josephmccall@example.net,Bf06fA3tn&,962612011,6/18/2024 4:15,6/18/2024 4:15
684,moorejoseph@example.org,%H@3l6FqZ6,958292170,9/16/2023 6:53,9/16/2023 6:53
685,ricardo57@example.net,^7RHyzKF(G,972441023,11/20/2023 3:50,11/20/2023 3:50
686,elizabethhoffman@example.org,!QyF%OuE48,924009583,5/11/2024 23:30,5/11/2024 23:30
687,kjohnson@example.com,8HP7Tz19&f,953414539,11/21/2023 17:04,11/21/2023 17:04
688,coxchristopher@example.net,t_L)5GHRue,955523652,12/24/2023 9:22,12/24/2023 9:22
689,bestcameron@example.net,_pusaV4e3W,991742413,8/26/2023 11:15,8/26/2023 11:15
690,zfields@example.net,dlsG7CLJ)2,956163978,3/20/2024 4:34,3/20/2024 4:34
691,williamsalicia@example.net,De8yIZl&+Y,912313183,6/10/2024 14:46,6/10/2024 14:46
692,jamesryan@example.org,Ql(9kGxG^w,951153084,1/13/2024 23:01,1/13/2024 23:01
693,uphillips@example.org,LQ4MglEi(s,959258739,8/2/2023 22:47,8/2/2023 22:47
694,elizabeth30@example.com,!E@3Mi3Ili,940836251,6/24/2024 0:27,6/24/2024 0:27
695,michaelsmith@example.net,3ZCsaxke#K,923547099,1/20/2024 3:30,1/20/2024 3:30
696,james35@example.org,1$9QiCitm),994190809,4/11/2024 14:57,4/11/2024 14:57
697,johncuevas@example.net,!PBCp1Rwpn,915933918,1/24/2024 3:13,1/24/2024 3:13
698,churchian@example.org,nZFc3V3c*M,904068388,12/22/2023 6:14,12/22/2023 6:14
699,brownkristina@example.com,7$6Gj5@EE@,992528921,2/4/2024 22:17,2/4/2024 22:17
700,vanessawilson@example.org,Vu1PUsd8I+,938561423,6/10/2024 8:51,6/10/2024 8:51
701,kelly39@example.net,sVS4mnpsL%,991573411,7/28/2023 22:35,7/28/2023 22:35
702,sjohnson@example.com,rh4O7fg+#w,963086207,8/3/2023 15:20,8/3/2023 15:20
703,austin13@example.com,85!FzFtf+2,984755069,12/2/2023 8:51,12/2/2023 8:51
704,lee52@example.net,R!6K5Dqt*T,987968307,5/24/2024 16:49,5/24/2024 16:49
705,joseph99@example.net,id9wfBbe(#,956548426,7/9/2024 6:43,7/9/2024 6:43
706,juliehorn@example.net,mzY_x5PnwL,942034241,12/1/2023 9:53,12/1/2023 9:53
707,bscott@example.com,*)CS&wNc(9,921730731,2/1/2024 18:04,2/1/2024 18:04
708,gbaker@example.net,!Tn6Tsoljr,950932671,7/23/2023 23:10,7/23/2023 23:10
709,mortonemily@example.net,GC7jG!Zg^A,900626586,6/25/2024 13:30,6/25/2024 13:30
710,santiagotyler@example.com,#RAAeY_9v8,969253803,1/13/2024 19:06,1/13/2024 19:06
711,hfitzpatrick@example.com,_2jPDTjho0,996919765,9/12/2023 22:07,9/12/2023 22:07
712,katelynrodriguez@example.com,@LxGblgj@0,909062916,1/8/2024 17:08,1/8/2024 17:08
713,kristindavis@example.org,)z#9aLuxZ!,975300827,4/29/2024 7:23,4/29/2024 7:23
714,cguzman@example.net,94ENiSz+_m,921344552,7/15/2024 21:20,7/15/2024 21:20
715,sharpbenjamin@example.net,k+07lVgf!^,965671094,6/4/2024 16:17,6/4/2024 16:17
716,pamela38@example.org,g0wWEOXu#8,959669758,9/12/2023 13:24,9/12/2023 13:24
717,amydillon@example.org,_RT1!TGeR+,936333394,1/14/2024 7:24,1/14/2024 7:24
718,ibrown@example.org,_2uXD_o2^f,924207852,7/26/2023 6:30,7/26/2023 6:30
719,amandacastaneda@example.com,7Lg38P_t!X,974791134,4/1/2024 21:22,4/1/2024 21:22
720,cassandra33@example.org,_W^NhMyP40,915627236,8/19/2023 10:52,8/19/2023 10:52
721,wrowland@example.com,wD7r*vLp@0,935821916,1/3/2024 0:01,1/3/2024 0:01
722,srobbins@example.com,AE)6N0utp+,993341752,1/2/2024 19:15,1/2/2024 19:15
723,perezjoshua@example.com,!Bd(nfRve1,942281255,7/19/2024 2:22,7/19/2024 2:22
724,lopezkathryn@example.net,*6W9T1vnf9,983805228,8/7/2023 22:08,8/7/2023 22:08
725,zwatson@example.org,I^kcFWoC_8,913198582,8/29/2023 18:19,8/29/2023 18:19
726,rogerssteven@example.com,+&2BJmhV7!,969935900,10/3/2023 11:45,10/3/2023 11:45
727,xluna@example.net,8TceMvjW@*,968142715,7/9/2024 17:32,7/9/2024 17:32
728,nelsondaniel@example.net,H*UhG3Vn1+,919931888,9/21/2023 13:41,9/21/2023 13:41
729,millerjohn@example.com,k@S45LnzKG,995374600,10/23/2023 18:51,10/23/2023 18:51
730,daniel76@example.com,$q8Yk6_ETN,964923421,6/11/2024 8:44,6/11/2024 8:44
731,sarahodge@example.net,1_ry9IIs#W,996380568,6/10/2024 21:53,6/10/2024 21:53
732,reynoldselizabeth@example.net,m2QLYB1e@l,996819827,11/28/2023 11:06,11/28/2023 11:06
733,qjohns@example.net,$9mp*Fz1sK,962225240,3/15/2024 0:25,3/15/2024 0:25
734,michaelwong@example.net,S#(9RH3mxr,916215794,12/13/2023 1:43,12/13/2023 1:43
735,gloverann@example.com,n3o*7Fg8+A,965759167,7/1/2024 17:09,7/1/2024 17:09
736,nicole37@example.com,)9AZW2K+Qc,963653135,2/8/2024 22:50,2/8/2024 22:50
737,danielleedwards@example.net,)^8tRujyo#,977738025,8/4/2023 10:04,8/4/2023 10:04
738,hwilkins@example.net,@53A1o(f3t,973416428,5/28/2024 10:17,5/28/2024 10:17
739,wlewis@example.com,%g*9FWih^i,961546284,4/13/2024 0:06,4/13/2024 0:06
740,arellanojohn@example.com,M5@r0EoX_g,947806613,7/13/2024 11:03,7/13/2024 11:03
741,ywalker@example.net,!TlvXet0(5,903659670,6/18/2024 5:11,6/18/2024 5:11
742,kararichards@example.net,!si3YPgot@,956175392,1/15/2024 9:24,1/15/2024 9:24
743,jeanetteclayton@example.org,Mja*E$Db!8,912811710,11/22/2023 16:54,11/22/2023 16:54
744,williambaker@example.net,Yp6mTBinm$,930997649,2/17/2024 17:25,2/17/2024 17:25
745,danielirwin@example.net,j1KFLcLX!0,917108550,2/23/2024 4:22,2/23/2024 4:22
746,yvonne39@example.org,uAzBsjoD*1,998849593,3/7/2024 0:58,3/7/2024 0:58
747,brandy93@example.net,7g7Mao$c5_,942761794,4/24/2024 6:15,4/24/2024 6:15
748,srichards@example.com,(dr5R7f)i),993636390,9/27/2023 19:28,9/27/2023 19:28
749,james16@example.org,!r4W1VuP+1,998202724,2/1/2024 3:22,2/1/2024 3:22
750,melissa22@example.org,_*7!0SduoW,995513753,5/7/2024 14:06,5/7/2024 14:06
751,craiglamb@example.org,(DZIkvQBr0,990314299,9/19/2023 10:52,9/19/2023 10:52
752,rogerswendy@example.org,_y6uMFePBC,983744292,6/11/2024 6:13,6/11/2024 6:13
753,heather74@example.com,^4SYb0XVKq,900527044,9/30/2023 6:12,9/30/2023 6:12
754,cody50@example.com,%rylZUjt4n,954866659,4/2/2024 15:19,4/2/2024 15:19
755,sylviasilva@example.org,@6)EaGrA8f,918841930,7/4/2024 3:39,7/4/2024 3:39
756,jessicamarquez@example.org,R7M^6EhY*3,995745181,5/17/2024 22:13,5/17/2024 22:13
757,pmiranda@example.com,J65yE6nU*Z,991768482,1/24/2024 9:58,1/24/2024 9:58
758,wdunn@example.com,*BLUUtbhT3,936115607,4/19/2024 18:22,4/19/2024 18:22
759,brandon86@example.net,9I4QpJXkn$,937403684,9/25/2023 12:11,9/25/2023 12:11
760,johnsonjoseph@example.org,&1Rr7VMd5i,978307704,8/10/2023 8:34,8/10/2023 8:34
761,candice76@example.com,#31rXhrmbU,908169216,2/22/2024 5:33,2/22/2024 5:33
762,blackamber@example.com,2gUD(g5m#a,985029061,11/1/2023 18:14,11/1/2023 18:14
763,debramiller@example.com,^2qCGJoT$u,929996321,12/19/2023 13:55,12/19/2023 13:55
764,ortizgrant@example.net,lEb2IVjdn#,963712344,6/15/2024 9:48,6/15/2024 9:48
765,ojones@example.com,4xl7#JoVY#,961640785,9/29/2023 8:20,9/29/2023 8:20
766,erika56@example.net,QAr7Sq$UO*,966765460,10/7/2023 0:07,10/7/2023 0:07
767,cwoodard@example.org,6zJ1DpmxR#,936817406,1/29/2024 14:04,1/29/2024 14:04
768,sallyellis@example.com,(9%CqHPxOQ,980114581,9/6/2023 21:43,9/6/2023 21:43
769,hferguson@example.com,pT54N@zZ*Z,927855276,11/4/2023 10:42,11/4/2023 10:42
770,briannaburke@example.net,^13sXjzYna,953275027,12/23/2023 7:04,12/23/2023 7:04
771,xford@example.org,LFHga1Pl)+,977414547,7/6/2024 19:06,7/6/2024 19:06
772,gclark@example.org,+1@UTftX#s,930222755,5/18/2024 11:02,5/18/2024 11:02
773,joe82@example.com,*a*JF_qQ!4,906025438,11/22/2023 12:19,11/22/2023 12:19
774,meaganlopez@example.com,B^S^2IdF_8,947951457,2/15/2024 14:14,2/15/2024 14:14
775,troy50@example.net,#lYq)q7I5#,964761766,8/26/2023 1:31,8/26/2023 1:31
776,burkedonald@example.net,%nWKm4rU&6,976705303,11/8/2023 4:34,11/8/2023 4:34
777,christopherthompson@example.com,@#gvl2WR8m,975642897,11/22/2023 1:14,11/22/2023 1:14
778,roberto03@example.com,Az(v93Qw%V,950412776,1/8/2024 22:14,1/8/2024 22:14
779,matthew77@example.net,6)4xSlFP4t,901235994,6/21/2024 15:03,6/21/2024 15:03
780,briandean@example.org,ZMCu38bn!&,985632078,2/10/2024 17:59,2/10/2024 17:59
781,jamesgray@example.org,lON6BEVyT%,936251259,3/22/2024 16:09,3/22/2024 16:09
782,jacqueline81@example.org,lhy@6WiNS#,906770747,1/20/2024 2:02,1/20/2024 2:02
783,christina54@example.net,xGN1HddZ_O,997511588,7/6/2024 22:46,7/6/2024 22:46
784,bjohnson@example.net,JFxw8QVh(F,902050402,7/31/2023 10:23,7/31/2023 10:23
785,rogersmathew@example.org,^)EM5(CxV@,936835345,2/4/2024 8:54,2/4/2024 8:54
786,rmills@example.org,WbI74ZSkB&,930897366,5/8/2024 19:02,5/8/2024 19:02
787,jay60@example.com,Oz5OuYpYF@,916360666,5/29/2024 13:12,5/29/2024 13:12
788,matthew84@example.net,j*2CNhhlsa,991819084,9/12/2023 16:45,9/12/2023 16:45
789,adam90@example.com,+6E$qtv2sE,999490874,12/11/2023 14:10,12/11/2023 14:10
790,markglenn@example.com,i%3wT29rOM,950539220,12/27/2023 11:00,12/27/2023 11:00
791,williamskaren@example.com,LGl9Rc#T&6,967147891,8/23/2023 0:50,8/23/2023 0:50
792,edwinbrown@example.com,O*7H+XKx2M,909888831,10/23/2023 16:15,10/23/2023 16:15
793,candicesimmons@example.com,B(n4CVdE^K,916270120,3/21/2024 9:46,3/21/2024 9:46
794,kochchad@example.net,&6zDL(yop9,958330842,3/22/2024 18:16,3/22/2024 18:16
795,amber59@example.org,z2HilpGX(M,938871878,2/14/2024 11:51,2/14/2024 11:51
796,chelseasmith@example.net,7+P6+%Lu*J,991025229,10/10/2023 23:10,10/10/2023 23:10
797,leekristin@example.net,VqGk*@@f#3,919338444,11/26/2023 12:23,11/26/2023 12:23
798,jennifer35@example.org,k@7Glhj#3B,992173015,1/7/2024 1:44,1/7/2024 1:44
799,william08@example.org,piA%NQDy@2,902939966,1/26/2024 16:57,1/26/2024 16:57
800,calebdiaz@example.net,1Rg7Y!ckz@,947603863,3/1/2024 21:29,3/1/2024 21:29
801,murphyanthony@example.org,#l9(8Mi(sR,970359081,12/25/2023 18:27,12/25/2023 18:27
802,jriley@example.net,2TZlFr*3_t,984994628,5/23/2024 6:16,5/23/2024 6:16
803,ericmartin@example.net,_y4XEnkKas,983822723,12/3/2023 16:44,12/3/2023 16:44
804,whitekayla@example.org,8cML2eMt+3,928066572,5/29/2024 6:44,5/29/2024 6:44
805,holtlinda@example.com,@5WhZhPaIw,914580445,8/4/2023 15:05,8/4/2023 15:05
806,grossjohn@example.net,)8wdkp2erC,986669344,11/11/2023 22:43,11/11/2023 22:43
807,timothy15@example.com,!c26@9Yb!%,967585682,6/6/2024 8:30,6/6/2024 8:30
808,mannchristopher@example.com,$cA5B^y8U1,953725741,6/2/2024 20:10,6/2/2024 20:10
809,thernandez@example.com,pEN5)4Um@*,913466318,12/5/2023 7:20,12/5/2023 7:20
810,kimberly93@example.com,BE4VVMj%R(,934099612,10/20/2023 5:25,10/20/2023 5:25
811,kristina14@example.net,4a@S6FDsOz,936030641,4/22/2024 17:15,4/22/2024 17:15
812,urichard@example.com,q+3a)BMkjr,960589836,12/14/2023 23:49,12/14/2023 23:49
813,tammycabrera@example.org,(kG7VlvZta,949039071,7/5/2024 15:52,7/5/2024 15:52
814,jstone@example.org,$tD@I@_Kv8,920972405,8/14/2023 6:40,8/14/2023 6:40
815,michael14@example.net,82LV3(en&S,939251104,2/19/2024 19:49,2/19/2024 19:49
816,ewalker@example.org,j+8BK^s72b,974666901,5/7/2024 8:34,5/7/2024 8:34
817,charlesduncan@example.org,fZ5GZ8UtX$,911715010,3/3/2024 23:07,3/3/2024 23:07
818,richardsontyler@example.net,_3chGFd6#u,932470689,4/22/2024 8:31,4/22/2024 8:31
819,gochoa@example.org,J&9rR!^eQ&,929063453,2/12/2024 11:46,2/12/2024 11:46
820,howardaaron@example.org,e0MgioFL&M,959073419,9/3/2023 15:07,9/3/2023 15:07
821,michaeljohnson@example.com,q*1ZKjwE%X,922937539,10/20/2023 11:10,10/20/2023 11:10
822,xthomas@example.org,+6ROHdd+WR,901088162,12/3/2023 18:22,12/3/2023 18:22
823,yhicks@example.net,8*FP9JhSJb,969667616,4/23/2024 7:20,4/23/2024 7:20
824,hayesdavid@example.org,+Q0Q2$Co_z,940256536,6/13/2024 15:58,6/13/2024 15:58
825,amy36@example.net,5qmrDu$i!6,904238214,3/16/2024 8:20,3/16/2024 8:20
826,ccrawford@example.net,Dm&2Dpmk*h,970858098,11/9/2023 3:35,11/9/2023 3:35
827,olee@example.net,S)5wF3_m*R,909482614,8/23/2023 6:58,8/23/2023 6:58
828,qgilmore@example.com,R^05NBDa6b,981677241,10/30/2023 4:02,10/30/2023 4:02
829,wagnerkatelyn@example.org,71^^VFbU_5,992681458,5/1/2024 15:47,5/1/2024 15:47
830,linda80@example.org,%i0&zMsY24,925392031,12/19/2023 10:24,12/19/2023 10:24
831,cherylbarry@example.net,#3BUkCZMI),949340626,1/23/2024 15:21,1/23/2024 15:21
832,nguyenchristine@example.com,%2Oo_lm6bN,906416810,4/24/2024 3:10,4/24/2024 3:10
833,jeffcrawford@example.com,*Xz6tkQkT4,981129947,6/30/2024 18:30,6/30/2024 18:30
834,marialutz@example.net,!a7FmI8dC4,994023939,2/12/2024 4:37,2/12/2024 4:37
835,nguyenmatthew@example.org,OX4pO2cT#a,958082654,3/22/2024 10:17,3/22/2024 10:17
836,johnrich@example.com,qvn2XPj8(z,904779728,7/7/2024 7:58,7/7/2024 7:58
837,aaron62@example.net,azcP9CgM^f,930280722,12/1/2023 15:41,12/1/2023 15:41
838,quinnamber@example.org,632JUyEf(E,924290228,4/8/2024 1:49,4/8/2024 1:49
839,drivera@example.org,n3OgksMq+N,940979182,7/3/2024 15:57,7/3/2024 15:57
840,patrick61@example.net,M7Q1EW#r$v,962799665,2/22/2024 5:32,2/22/2024 5:32
841,nday@example.com,p_Sc4PDSTn,992412170,1/9/2024 16:56,1/9/2024 16:56
842,emilyconley@example.net,Luf4Hdmm)8,971871326,7/9/2024 6:43,7/9/2024 6:43
843,robert79@example.com,EHa*0BrvCj,984384177,2/26/2024 0:58,2/26/2024 0:58
844,susanthompson@example.com,#UK9S^qfS_,930383892,11/19/2023 9:26,11/19/2023 9:26
845,rchan@example.com,95ToXr9V^n,972784964,2/23/2024 13:02,2/23/2024 13:02
846,thomas84@example.net,)dWS2dihv4,917387832,8/20/2023 2:54,8/20/2023 2:54
847,qwilliams@example.org,@53CKpoYb3,996551012,9/12/2023 0:33,9/12/2023 0:33
848,garciajacqueline@example.net,h82hN7pu(S,991394472,3/6/2024 6:39,3/6/2024 6:39
849,lori35@example.com,jQ6Ee09ur_,970365008,8/4/2023 16:40,8/4/2023 16:40
850,lwatts@example.net,#ZvRS3gjm6,965669858,3/16/2024 9:22,3/16/2024 9:22
851,jennifer50@example.com,TtjIdgfM$3,932066033,5/20/2024 9:22,5/20/2024 9:22
852,pshepherd@example.org,nR@3ynWjeh,941773580,1/12/2024 12:34,1/12/2024 12:34
853,donaldbaker@example.com,0Ao+FqVs_2,952901393,6/27/2024 11:25,6/27/2024 11:25
854,griffithscott@example.org,3Byd@UYb)D,971041191,4/17/2024 4:50,4/17/2024 4:50
855,roberthall@example.net,qHB0G3aa$s,920751098,11/14/2023 22:07,11/14/2023 22:07
856,wpatterson@example.org,%4$#GC+u5T,956852388,2/15/2024 20:20,2/15/2024 20:20
857,matthew56@example.com,+$n1BAKdL_,995787906,4/15/2024 7:41,4/15/2024 7:41
858,yweber@example.org,W+B3HAPfUY,924693973,2/1/2024 23:23,2/1/2024 23:23
859,ahebert@example.net,MpjS5yWkO@,963470968,6/12/2024 1:13,6/12/2024 1:13
860,marshallbrittany@example.net,8&mo4vRaP9,929868341,10/19/2023 13:14,10/19/2023 13:14
861,victoriajohnson@example.net,$SMtNnnN)1,975026804,7/26/2023 4:46,7/26/2023 4:46
862,bradleyamy@example.net,Ju)A9Wgl$+,931250895,12/8/2023 23:22,12/8/2023 23:22
863,gerald12@example.org,G^A%7mGoE*,940523075,10/14/2023 14:55,10/14/2023 14:55
864,lcooper@example.org,$zy!0sBlV7,913799448,11/7/2023 10:03,11/7/2023 10:03
865,davidmcdonald@example.net,#1uBTC89tv,975552528,4/28/2024 9:41,4/28/2024 9:41
866,pwalker@example.com,!M2OxLl0n1,934550073,7/12/2024 12:01,7/12/2024 12:01
867,barajasmelissa@example.com,^!*8JzFjdP,961013633,1/30/2024 18:21,1/30/2024 18:21
868,raymondray@example.org,D+174Wc*Br,967673041,4/14/2024 16:35,4/14/2024 16:35
869,tamarabarry@example.org,ypOK7xpS!1,911694948,7/3/2024 6:51,7/3/2024 6:51
870,jonathan67@example.net,s_3Juzcgjn,946489907,8/12/2023 12:50,8/12/2023 12:50
871,gabrielajones@example.org,^$G2%RLt!Q,903771261,1/17/2024 11:47,1/17/2024 11:47
872,nbishop@example.com,MlVP7M#2^#,981533060,9/16/2023 10:15,9/16/2023 10:15
873,kwhite@example.org,kP!G3Rz0Gw,962586458,11/3/2023 10:17,11/3/2023 10:17
874,randyreid@example.org,+1ZKSl19OI,975992784,1/24/2024 11:21,1/24/2024 11:21
875,kellygardner@example.org,Ucp^92Et%),968997955,9/20/2023 22:32,9/20/2023 22:32
876,meganjohnson@example.org,hX)5z!Jw5R,919272927,1/16/2024 21:58,1/16/2024 21:58
877,andrea19@example.com,#^7kBIlIdi,949141333,3/30/2024 0:12,3/30/2024 0:12
878,jonessusan@example.net,)uWOwixP7K,970978182,10/1/2023 7:56,10/1/2023 7:56
879,monica31@example.com,^UZ6&Bed_&,911524221,3/27/2024 11:08,3/27/2024 11:08
880,blakebarnes@example.net,%7umdGV2eO,990990702,4/4/2024 12:48,4/4/2024 12:48
881,jonesjames@example.org,!^SrOArk0x,926992229,2/1/2024 11:28,2/1/2024 11:28
882,jerryweber@example.net,*)8KaJeF5^,971470076,4/14/2024 10:01,4/14/2024 10:01
883,qhanson@example.org,h5(5HPYxlM,928333719,8/21/2023 20:27,8/21/2023 20:27
884,crystalmckinney@example.net,&88Rzu5R77,970054734,9/13/2023 20:09,9/13/2023 20:09
885,sean11@example.net,%kQ9o^Qd6V,995776309,2/15/2024 15:22,2/15/2024 15:22
886,amber75@example.org,F)8(7hjvFW,944633224,4/15/2024 8:49,4/15/2024 8:49
887,ashleypalmer@example.net,E711Gm@E^%,949965088,5/21/2024 9:34,5/21/2024 9:34
888,beth74@example.com,eZQcb(ly@1,968955195,3/23/2024 4:53,3/23/2024 4:53
889,johnsonjennifer@example.org,rj1JM&b9$!,907304106,6/4/2024 2:26,6/4/2024 2:26
890,benjamin73@example.net,9fAxUm4w$R,984611055,12/3/2023 2:47,12/3/2023 2:47
891,cynthiawallace@example.com,f14AC3c7#L,960662972,9/25/2023 0:51,9/25/2023 0:51
892,alecjones@example.org,hwQLG%zu!1,934180409,11/24/2023 23:07,11/24/2023 23:07
893,nwilliams@example.net,!CX7Q0m1j@,910778614,10/23/2023 18:29,10/23/2023 18:29
894,robertmarshall@example.com,$(c3bWt&_e,960855252,1/3/2024 20:15,1/3/2024 20:15
895,ucline@example.com,^5K^LhOfEA,943594149,10/10/2023 13:55,10/10/2023 13:55
896,barrysellers@example.com,M@l+03Cp0s,971149415,1/30/2024 10:03,1/30/2024 10:03
897,jenniferfrancis@example.com,nH+D6TPs#_,951289723,5/7/2024 2:50,5/7/2024 2:50
898,edwardsmaxwell@example.net,&0mTqzrLST,910310419,3/13/2024 14:34,3/13/2024 14:34
899,natashamurphy@example.net,z967^7Yn)F,958882366,8/11/2023 17:26,8/11/2023 17:26
900,rebecca14@example.org,Us%8Xccxo%,913409899,6/10/2024 5:02,6/10/2024 5:02
901,rodriguezjeffrey@example.org,$m(+8D#T1^,916975452,2/10/2024 22:12,2/10/2024 22:12
902,daniel87@example.org,&zFq%R7Y76,902399205,4/18/2024 14:23,4/18/2024 14:23
903,pamelareynolds@example.net,_C5JYSo1+A,943029422,4/1/2024 20:36,4/1/2024 20:36
904,barnettmegan@example.net,i@8JeIcBBN,971082029,5/5/2024 5:19,5/5/2024 5:19
905,edwardgrant@example.com,T0%Aqusn(c,918625417,5/10/2024 22:45,5/10/2024 22:45
906,lrodriguez@example.com,h_Y(0eXwzO,997713258,10/20/2023 3:11,10/20/2023 3:11
907,hadams@example.com,((FhIah_K9,936935116,7/2/2024 20:38,7/2/2024 20:38
908,william29@example.net,#jYAukvpR3,987024870,10/13/2023 17:28,10/13/2023 17:28
909,paula91@example.net,X!K4Zt_)^r,915284056,5/12/2024 8:35,5/12/2024 8:35
910,petersonjared@example.net,!kBFlgomt9,920863371,4/19/2024 12:06,4/19/2024 12:06
911,renee10@example.com,vF1&8Xiw7I,954600793,8/19/2023 17:30,8/19/2023 17:30
912,juanberger@example.net,eF*90*MeAd,947172151,3/9/2024 9:40,3/9/2024 9:40
913,alvaradoanthony@example.com,C%34rtAhu3,995439280,3/15/2024 1:55,3/15/2024 1:55
914,samantha30@example.com,^YlXoUh89d,977923984,10/20/2023 17:55,10/20/2023 17:55
915,deborah62@example.org,rli06Pdp$$,969820183,1/17/2024 1:42,1/17/2024 1:42
916,brianharrell@example.net,v)b5TVh&Vg,975637331,7/26/2023 10:52,7/26/2023 10:52
917,gregory65@example.net,l_0SJufzLN,934299306,11/2/2023 8:19,11/2/2023 8:19
918,lewisdavid@example.net,G27j3Rx1#@,989164824,12/18/2023 15:19,12/18/2023 15:19
919,nathanpearson@example.net,q3XL^NGh$v,973300321,9/15/2023 18:58,9/15/2023 18:58
920,ana53@example.com,U%1LJq$f+^,980106884,4/27/2024 2:05,4/27/2024 2:05
921,cbarker@example.org,$x9_59SomU,997018737,3/16/2024 14:31,3/16/2024 14:31
922,qwalker@example.com,YL6wNB8o_D,977471758,8/21/2023 13:09,8/21/2023 13:09
923,mary89@example.com,&F%h$9tpj1,921814109,4/20/2024 8:23,4/20/2024 8:23
924,robert59@example.org,&aTSH_s^2P,919756129,8/21/2023 21:51,8/21/2023 21:51
925,ohall@example.org,J427iZUr@2,974432317,7/27/2023 12:04,7/27/2023 12:04
926,angelarussell@example.com,2N8FeyDf^w,924498000,4/3/2024 13:25,4/3/2024 13:25
927,william83@example.org,o^7)Mtb8G@,939011998,8/4/2023 9:19,8/4/2023 9:19
928,zcardenas@example.com,T(6iw!Hn@5,996039692,9/12/2023 20:08,9/12/2023 20:08
929,uanderson@example.org,%aHVyU)p5A,934538365,5/10/2024 13:21,5/10/2024 13:21
930,jocelynowens@example.com,8aDXWdBL#B,918013156,4/3/2024 12:49,4/3/2024 12:49
931,pottsrichard@example.com,1MGtSre1!x,964670761,9/7/2023 9:14,9/7/2023 9:14
932,ebarker@example.net,@e9kqmKqt3,986411984,7/30/2023 12:38,7/30/2023 12:38
933,cphillips@example.net,K)0_RudOJP,936573168,11/29/2023 16:58,11/29/2023 16:58
934,donaldconrad@example.com,H_1B_W)vBT,928654507,4/6/2024 1:19,4/6/2024 1:19
935,brookeduncan@example.com,3PNNz3r2%Z,927246212,10/15/2023 13:32,10/15/2023 13:32
936,ujenkins@example.net,!sxAXROU@5,998476456,8/15/2023 13:05,8/15/2023 13:05
937,zachary82@example.org,)L6O8pVis#,959446250,8/24/2023 22:51,8/24/2023 22:51
938,burtontammy@example.net,H6k3HGXh&7,934025586,6/16/2024 20:13,6/16/2024 20:13
939,kendrajones@example.org,Fj3ZHpkjd_,912878848,10/28/2023 16:38,10/28/2023 16:38
940,stanleyjuan@example.org,B6nVKYfu@4,988622206,12/26/2023 4:58,12/26/2023 4:58
941,victor59@example.com,qJ1XAACy%*,905226404,11/23/2023 10:17,11/23/2023 10:17
942,kyle73@example.com,!OyE#VtxG8,901835765,10/30/2023 10:43,10/30/2023 10:43
943,walkerrobert@example.com,$4@ErpLhIS,939185704,2/27/2024 7:29,2/27/2024 7:29
944,lindamcbride@example.org,%HT4Syqf$Q,939434599,2/19/2024 21:22,2/19/2024 21:22
945,gpena@example.org,@7!Q9RGxCP,946821840,10/23/2023 18:56,10/23/2023 18:56
946,ojoseph@example.net,JFO9Giq__1,957013611,12/22/2023 20:19,12/22/2023 20:19
947,marissaross@example.net,%!G0dzRAf6,915411138,7/2/2024 14:04,7/2/2024 14:04
948,aaron67@example.com,ucR5kjGj6$,923545061,9/2/2023 3:38,9/2/2023 3:38
949,lmccarthy@example.net,)QrSYO1ri4,965909895,5/25/2024 3:41,5/25/2024 3:41
950,zparks@example.org,nh1+F%FFR%,958221890,3/29/2024 16:12,3/29/2024 16:12
951,matthew35@example.net,Zs7_rVub#9,909188940,10/1/2023 8:43,10/1/2023 8:43
952,patrick48@example.org,&6ZS_J8fiC,967417045,1/3/2024 3:09,1/3/2024 3:09
953,scottjamie@example.com,L8xE8+Jv)*,978737296,2/17/2024 20:05,2/17/2024 20:05
954,millerangela@example.org,C8#@J5ji(K,992100500,12/24/2023 18:24,12/24/2023 18:24
955,jessicapatel@example.com,^L5zCGnC4K,981491912,4/23/2024 9:52,4/23/2024 9:52
956,johnsonlaura@example.com,NUIKor3x^7,970073214,1/6/2024 4:13,1/6/2024 4:13
957,brittany64@example.net,)K9WZfR&)^,943389081,10/29/2023 3:10,10/29/2023 3:10
958,leeshannon@example.net,re^8nZoN&S,947737259,3/8/2024 17:09,3/8/2024 17:09
959,jenkinschristine@example.net,T@0+TPt6gw,981057353,11/28/2023 10:35,11/28/2023 10:35
960,alanhicks@example.org,m#ZQiv6U%9,975446322,1/30/2024 17:53,1/30/2024 17:53
961,ashley72@example.net,&HC$WgGlJ1,975973617,12/9/2023 2:53,12/9/2023 2:53
962,zwong@example.net,cfimLKGp(5,970232303,5/9/2024 14:53,5/9/2024 14:53
963,bethany31@example.com,#W3O8qlHh_,944037412,12/9/2023 5:07,12/9/2023 5:07
964,iduncan@example.com,%vTDUJMb26,926542627,10/1/2023 17:27,10/1/2023 17:27
965,ashleyperry@example.net,(@uMuo3p&1,937961733,12/15/2023 23:45,12/15/2023 23:45
966,bgarner@example.com,0h_f*Ag9(b,950134853,10/19/2023 16:00,10/19/2023 16:00
967,clarknicole@example.com,$f&3wTzVGM,970081755,4/9/2024 0:06,4/9/2024 0:06
968,jillian20@example.net,0+5fNfX_*2,945450160,3/14/2024 16:46,3/14/2024 16:46
969,joshua46@example.com,(o9gsFxk_^,924584282,2/22/2024 1:29,2/22/2024 1:29
970,harpermichael@example.net,lz$6ENmz4H,934576782,10/15/2023 2:22,10/15/2023 2:22
971,josetaylor@example.net,#1VPzvBq%o,975257216,11/23/2023 10:34,11/23/2023 10:34
972,connie61@example.com,yo_4wEnoYH,953077739,6/17/2024 7:55,6/17/2024 7:55
973,stephanie49@example.net,&hX)Vvx*9(,995742534,7/10/2024 22:44,7/10/2024 22:44
974,hawkinswesley@example.com,0xt57Rxp)!,910568922,5/6/2024 4:40,5/6/2024 4:40
975,pweber@example.org,n9XH404u&P,978597094,5/7/2024 0:32,5/7/2024 0:32
976,williamtaylor@example.com,%2IwYf(+_q,901312103,7/1/2024 2:51,7/1/2024 2:51
977,nanderson@example.org,M0E&L(rb!s,937207633,7/8/2024 22:01,7/8/2024 22:01
978,emmaskinner@example.net,N_VY@1PdvK,947436682,4/10/2024 5:30,4/10/2024 5:30
979,frank08@example.net,Z*4UMTtA8p,913565892,9/21/2023 6:38,9/21/2023 6:38
980,colemanerin@example.net,HK$tKUt*+2,905085208,2/14/2024 17:53,2/14/2024 17:53
981,uclark@example.com,5!B4Rd5tME,919121284,5/16/2024 13:17,5/16/2024 13:17
982,thomas89@example.com,Q4d2zO^k$_,950829557,7/19/2024 0:45,7/19/2024 0:45
983,cookbrianna@example.net,l2mORGio*h,912593164,2/4/2024 19:52,2/4/2024 19:52
984,tracey42@example.com,r$Wx16GhZS,949523567,5/27/2024 23:37,5/27/2024 23:37
985,scox@example.net,5LD!wmrZ%4,955155090,5/24/2024 13:19,5/24/2024 13:19
986,simpsonpatrick@example.org,0!UQEBx9!t,970749432,8/1/2023 1:36,8/1/2023 1:36
987,jacobsaunders@example.net,(yVMUAobo9,958486832,9/2/2023 1:47,9/2/2023 1:47
988,scott93@example.net,!T0tMTIynt,917293196,11/7/2023 9:53,11/7/2023 9:53
989,lperry@example.com,(3R*5$QcM0,976168435,4/24/2024 12:58,4/24/2024 12:58
990,nicoleflores@example.com,DioXO6Rvt_,976287851,8/28/2023 12:32,8/28/2023 12:32
991,joelhoover@example.net,*a0lKs)Inh,922879268,3/31/2024 20:03,3/31/2024 20:03
992,rblankenship@example.org,(0UGH1aiut,914170962,11/2/2023 3:43,11/2/2023 3:43
993,liuchristopher@example.org,7h00Z8v*U^,983871388,2/26/2024 22:59,2/26/2024 22:59
994,michaelalexander@example.net,QF(1yTtib!,914804583,4/14/2024 9:47,4/14/2024 9:47
995,hamiltonangela@example.org,$JMAj2Gh!O,961244849,11/11/2023 13:16,11/11/2023 13:16
996,brooksdana@example.net,^54OF%qg#4,932793561,4/11/2024 15:30,4/11/2024 15:30
997,dbutler@example.org,(I%%1SeZ1c,913288460,10/4/2023 10:45,10/4/2023 10:45
998,williamsmelissa@example.net,10V!fAEe#x,975772284,1/25/2024 14:51,1/25/2024 14:51
999,owalter@example.com,#@0GnIztdO,930894071,1/1/2024 18:48,1/1/2024 18:48
1000,zjohnson@example.org,%7A8Oc+Oub,991923824,12/30/2023 8:18,12/30/2023 8:18
